Date,ep ratio
6/1/2022,4.82
5/31/2022,4.79
5/1/2022,4.74
4/1/2022,4.51
3/31/2022,3.87
3/1/2022,4.51
2/28/2022,4.01
2/1/2022,4.46
1/31/2022,3.88
1/1/2022,4.33
12/31/2021,3.33
12/1/2021,4.23
11/30/2021,3.48
11/1/2021,4.08
10/1/2021,4.1
9/30/2021,2.98
9/1/2021,3.94
8/31/2021,2.83
8/1/2021,3.81
7/1/2021,3.77
6/30/2021,2.19
6/1/2021,3.75
5/1/2021,3.56
4/30/2021,2.35
4/1/2021,3.34
3/31/2021,2.47
3/1/2021,3.28
2/1/2021,3.01
1/1/2021,2.78
12/31/2020,2.64
12/1/2020,2.55
11/30/2020,2.73
11/1/2020,2.69
10/1/2020,2.83
9/30/2020,3.46
9/1/2020,2.92
8/31/2020,3.32
8/1/2020,2.91
7/31/2020,3.56
7/1/2020,3.08
6/30/2020,4.5
6/1/2020,3.2
5/1/2020,3.59
4/30/2020,4.79
4/1/2020,4.01
3/31/2020,5.14
3/1/2020,4.39
2/28/2020,4.5
2/1/2020,3.78
1/31/2020,4.12
1/1/2020,4.02
12/31/2019,4.13
12/1/2019,4.39
11/1/2019,4.42
10/1/2019,4.54
9/1/2019,4.46
8/1/2019,4.61
7/1/2019,4.49
6/1/2019,4.68
5/31/2019,4.9
5/1/2019,4.73
4/1/2019,4.64
3/1/2019,4.79
2/1/2019,4.85
1/1/2019,5.1
12/1/2018,5.16
11/1/2018,4.84
10/1/2018,4.71
9/1/2018,4.49
8/1/2018,4.47
7/1/2018,4.48
6/1/2018,4.45
5/1/2018,4.45
4/1/2018,4.44
3/1/2018,4.27
2/1/2018,4.2
1/1/2018,4.01
12/1/2017,4.12
11/1/2017,4.2
10/1/2017,4.22
9/1/2017,4.3
8/1/2017,4.32
7/1/2017,4.28
6/1/2017,4.27
5/1/2017,4.29
4/1/2017,4.3
3/1/2017,4.24
2/1/2017,4.22
1/1/2017,4.24
12/1/2016,4.21
11/1/2016,4.28
10/1/2016,4.24
9/1/2016,4.13
8/1/2016,4.07
7/1/2016,4.08
6/1/2016,4.17
5/1/2016,4.2
4/1/2016,4.17
3/1/2016,4.28
2/1/2016,4.54
1/1/2016,4.51
12/1/2015,4.21
11/1/2015,4.23
10/1/2015,4.41
9/1/2015,4.66
8/1/2015,4.51
7/1/2015,4.46
6/1/2015,4.52
5/1/2015,4.56
4/1/2015,4.67
3/1/2015,4.77
2/1/2015,4.82
1/1/2015,4.99
12/1/2014,4.98
11/1/2014,5.06
10/1/2014,5.41
9/1/2014,5.32
8/1/2014,5.35
7/1/2014,5.27
6/1/2014,5.3
5/1/2014,5.42
4/1/2014,5.45
3/1/2014,5.41
2/1/2014,5.54
1/1/2014,5.51
12/1/2013,5.54
11/1/2013,5.51
10/1/2013,5.6
9/1/2013,5.59
8/1/2013,5.58
7/1/2013,5.52
6/1/2013,5.62
5/1/2013,5.48
4/1/2013,5.65
3/1/2013,5.66
2/1/2013,5.77
1/1/2013,5.87
12/1/2012,6.08
11/1/2012,6.2
10/1/2012,6.02
9/1/2012,5.99
8/1/2012,6.2
7/1/2012,6.43
6/1/2012,6.64
5/1/2012,6.57
4/1/2012,6.37
3/1/2012,6.37
2/1/2012,6.51
1/1/2012,6.73
12/1/2011,6.99
11/1/2011,7.09
10/1/2011,7.2
9/1/2011,7.41
8/1/2011,7.25
7/1/2011,6.41
6/1/2011,6.52
5/1/2011,6.2
4/1/2011,6.17
3/1/2011,6.23
2/1/2011,6.05
1/1/2011,6.13
12/1/2010,6.23
11/1/2010,6.3
10/1/2010,6.29
9/1/2010,6.4
8/1/2010,6.46
7/1/2010,6.36
6/1/2010,6.19
5/1/2010,5.78
4/1/2010,5.26
3/1/2010,5.29
2/1/2010,5.29
1/1/2010,4.83
12/1/2009,4.59
11/1/2009,3.51
10/1/2009,2.37
9/1/2009,1.2
8/1/2009,1.08
7/1/2009,0.98
6/1/2009,0.81
5/1/2009,0.81
4/1/2009,0.83
3/1/2009,0.91
2/1/2009,1.18
1/1/2009,1.41
12/1/2008,1.7
11/1/2008,2.86
10/1/2008,3.67
9/1/2008,3.78
8/1/2008,3.73
7/1/2008,3.94
6/1/2008,3.83
5/1/2008,3.88
4/1/2008,4.19
3/1/2008,4.59
2/1/2008,4.6
1/1/2008,4.66
12/1/2007,4.47
11/1/2007,4.81
10/1/2007,4.84
9/1/2007,5.25
8/1/2007,5.55
7/1/2007,5.45
6/1/2007,5.61
5/1/2007,5.58
4/1/2007,5.72
3/1/2007,5.91
2/1/2007,5.72
1/1/2007,5.76
12/1/2006,5.75
11/1/2006,5.8
10/1/2006,5.83
9/1/2006,5.96
8/1/2006,6
7/1/2006,6.02
6/1/2006,5.94
5/1/2006,5.73
4/1/2006,5.63
3/1/2006,5.62
2/1/2006,5.62
1/1/2006,5.53
12/1/2005,5.53
11/1/2005,5.55
10/1/2005,5.67
9/1/2005,5.42
8/1/2005,5.34
7/1/2005,5.26
6/1/2005,5.26
5/1/2005,5.28
4/1/2005,5.26
3/1/2005,5.04
2/1/2005,4.97
1/1/2005,5
12/1/2004,4.88
11/1/2004,4.99
10/1/2004,5.19
9/1/2004,5.17
8/1/2004,5.26
7/1/2004,5.13
6/1/2004,4.96
5/1/2004,4.97
4/1/2004,4.71
3/1/2004,4.63
2/1/2004,4.45
1/1/2004,4.4
12/1/2003,4.51
11/1/2003,4.32
10/1/2003,4.04
9/1/2003,3.78
8/1/2003,3.76
7/1/2003,3.62
6/1/2003,3.5
5/1/2003,3.54
4/1/2003,3.57
3/1/2003,3.58
2/1/2003,3.51
1/1/2003,3.18
12/1/2002,3.07
11/1/2002,3.12
10/1/2002,3.42
9/1/2002,3.46
8/1/2002,3.17
7/1/2002,3.08
6/1/2002,2.64
5/1/2002,2.41
4/1/2002,2.28
3/1/2002,2.14
2/1/2002,2.24
1/1/2002,2.17
12/1/2001,2.16
11/1/2001,2.29
10/1/2001,2.52
9/1/2001,2.71
8/1/2001,2.64
7/1/2001,2.82
6/1/2001,2.97
5/1/2001,3.12
4/1/2001,3.58
3/1/2001,3.83
2/1/2001,3.6
1/1/2001,3.63
12/1/2000,3.76
11/1/2000,3.72
10/1/2000,3.77
9/1/2000,3.66
8/1/2000,3.58
7/1/2000,3.57
6/1/2000,3.55
5/1/2000,3.64
4/1/2000,3.51
3/1/2000,3.53
2/1/2000,3.6
1/1/2000,3.44
12/1/1999,3.37
11/1/1999,3.36
10/1/1999,3.49
9/1/1999,3.33
8/1/1999,3.24
7/1/1999,3.04
6/1/1999,3.1
5/1/1999,3.01
4/1/1999,2.94
3/1/1999,2.99
2/1/1999,3.06
1/1/1999,3.04
12/1/1998,3.17
11/1/1998,3.31
10/1/1998,3.68
9/1/1998,3.73
8/1/1998,3.57
7/1/1998,3.34
6/1/1998,3.52
5/1/1998,3.53
4/1/1998,3.54
3/1/1998,3.67
2/1/1998,3.87
1/1/1998,4.12
12/1/1997,4.13
11/1/1997,4.26
10/1/1997,4.24
9/1/1997,4.34
8/1/1997,4.38
7/1/1997,4.39
6/1/1997,4.63
5/1/1997,4.86
4/1/1997,5.28
3/1/1997,5.08
2/1/1997,4.98
1/1/1997,5.12
12/1/1996,5.21
11/1/1996,5.14
10/1/1996,5.26
9/1/1996,5.33
8/1/1996,5.38
7/1/1996,5.48
6/1/1996,5.22
5/1/1996,5.24
4/1/1996,5.3
3/1/1996,5.26
2/1/1996,5.24
1/1/1996,5.53
12/1/1995,5.53
11/1/1995,5.77
10/1/1995,5.97
9/1/1995,6.08
8/1/1995,6.25
7/1/1995,6.22
6/1/1995,6.38
5/1/1995,6.45
4/1/1995,6.53
3/1/1995,6.6
2/1/1995,6.62
1/1/1995,6.72
12/1/1994,6.72
11/1/1994,6.4
10/1/1994,6.13
9/1/1994,5.85
8/1/1994,5.73
7/1/1994,5.74
6/1/1994,5.54
5/1/1994,5.4
4/1/1994,5.26
3/1/1994,4.9
2/1/1994,4.76
1/1/1994,4.69
12/1/1993,4.7
11/1/1993,4.62
10/1/1993,4.51
9/1/1993,4.44
8/1/1993,4.42
7/1/1993,4.4
6/1/1993,4.31
5/1/1993,4.38
4/1/1993,4.44
3/1/1993,4.41
2/1/1993,4.44
1/1/1993,4.44
12/1/1992,4.38
11/1/1992,4.43
10/1/1992,4.46
9/1/1992,4.31
8/1/1992,4.24
7/1/1992,4.19
6/1/1992,4.18
5/1/1992,4.04
4/1/1992,4.04
3/1/1992,3.97
2/1/1992,3.91
1/1/1992,3.86
12/1/1991,4.11
11/1/1991,4.3
10/1/1991,4.45
9/1/1991,4.6
8/1/1991,4.71
7/1/1991,4.97
6/1/1991,5.13
5/1/1991,5.27
4/1/1991,5.38
3/1/1991,5.62
2/1/1991,5.82
1/1/1991,6.52
12/1/1990,6.49
11/1/1990,6.81
10/1/1990,7.04
9/1/1990,6.89
8/1/1990,6.52
7/1/1990,5.95
6/1/1990,5.9
5/1/1990,6.11
4/1/1990,6.37
3/1/1990,6.4
2/1/1990,6.68
1/1/1990,6.61
12/1/1989,6.56
11/1/1989,6.8
10/1/1989,6.74
9/1/1989,6.82
8/1/1989,6.98
7/1/1989,7.45
6/1/1989,7.79
5/1/1989,8.01
4/1/1989,8.29
3/1/1989,8.53
2/1/1989,8.35
1/1/1989,8.46
12/1/1988,8.59
11/1/1988,8.64
10/1/1988,8.32
9/1/1988,8.48
8/1/1988,8.49
7/1/1988,8.18
6/1/1988,8.01
5/1/1988,8.06
4/1/1988,7.47
3/1/1988,7
2/1/1988,7.06
1/1/1988,7.13
12/1/1987,7.26
11/1/1987,6.92
10/1/1987,5.86
9/1/1987,4.98
8/1/1987,4.67
7/1/1987,4.8
6/1/1987,4.78
5/1/1987,5.07
4/1/1987,5.14
3/1/1987,5.16
2/1/1987,5.3
1/1/1987,5.55
12/1/1986,5.82
11/1/1986,5.96
10/1/1986,6.2
9/1/1986,6.23
8/1/1986,6.04
7/1/1986,6.14
6/1/1986,6
5/1/1986,6.14
4/1/1986,6.13
3/1/1986,6.25
2/1/1986,6.63
1/1/1986,7
12/1/1985,7.05
11/1/1985,7.5
10/1/1985,8.07
9/1/1985,8.27
8/1/1985,8.16
7/1/1985,8.04
6/1/1985,8.26
5/1/1985,8.58
4/1/1985,8.93
3/1/1985,9.14
2/1/1985,9.11
1/1/1985,9.65
12/1/1984,10.12
11/1/1984,9.99
10/1/1984,10.06
9/1/1984,9.97
8/1/1984,10
7/1/1984,10.8
6/1/1984,10.58
5/1/1984,10.14
4/1/1984,9.88
3/1/1984,9.7
2/1/1984,9.44
1/1/1984,8.68
12/1/1983,8.53
11/1/1983,8.35
10/1/1983,8.08
9/1/1983,7.95
8/1/1983,8.04
7/1/1983,7.68
6/1/1983,7.57
5/1/1983,7.64
4/1/1983,7.91
3/1/1983,8.18
2/1/1983,8.51
1/1/1983,8.71
12/1/1982,9.07
11/1/1982,9.37
10/1/1982,9.99
9/1/1982,11.08
8/1/1982,12.55
7/1/1982,12.77
6/1/1982,12.92
5/1/1982,12.36
4/1/1982,12.55
3/1/1982,13.37
2/1/1982,13.09
1/1/1982,12.94
12/1/1981,12.41
11/1/1981,12.47
10/1/1981,12.77
9/1/1981,12.91
8/1/1981,11.72
7/1/1981,11.69
6/1/1981,11.35
5/1/1981,11.29
4/1/1981,10.95
3/1/1981,10.95
2/1/1981,11.42
1/1/1981,11.08
12/1/1980,11.1
11/1/1980,10.88
10/1/1980,11.29
9/1/1980,11.57
8/1/1980,11.94
7/1/1980,12.39
6/1/1980,13.04
5/1/1980,13.98
4/1/1980,14.73
3/1/1980,14.6
2/1/1980,13.14
1/1/1980,13.53
12/1/1979,13.78
11/1/1979,14.26
10/1/1979,14.07
9/1/1979,13.47
8/1/1979,13.42
7/1/1979,13.82
6/1/1979,13.75
5/1/1979,13.79
4/1/1979,13.25
3/1/1979,13.29
2/1/1979,13.21
1/1/1979,12.69
12/1/1978,12.83
11/1/1978,12.75
10/1/1978,11.75
9/1/1978,11.14
8/1/1978,11.03
7/1/1978,11.67
6/1/1978,11.5
5/1/1978,11.42
4/1/1978,11.89
3/1/1978,12.29
2/1/1978,12.26
1/1/1978,12.08
12/1/1977,11.61
11/1/1977,11.49
10/1/1977,11.49
9/1/1977,11.13
8/1/1977,10.86
7/1/1977,10.5
6/1/1977,10.49
5/1/1977,10.44
4/1/1977,10.29
3/1/1977,10.02
2/1/1977,9.92
1/1/1977,9.6
12/1/1976,9.47
11/1/1976,9.67
10/1/1976,9.49
9/1/1976,9.05
8/1/1976,9.15
7/1/1976,8.97
6/1/1976,9.09
5/1/1976,8.95
4/1/1976,8.69
3/1/1976,8.57
2/1/1976,8.38
1/1/1976,8.46
12/1/1975,8.97
11/1/1975,8.76
10/1/1975,8.84
9/1/1975,9.16
8/1/1975,9.13
7/1/1975,8.53
6/1/1975,8.61
5/1/1975,9.02
4/1/1975,9.78
3/1/1975,10.09
2/1/1975,10.73
1/1/1975,12.05
12/1/1974,13.25
11/1/1974,12.49
10/1/1974,13.01
9/1/1974,13.37
8/1/1974,11.82
7/1/1974,11.18
6/1/1974,9.73
5/1/1974,9.61
4/1/1974,9.18
3/1/1974,8.58
2/1/1974,8.87
1/1/1974,8.56
12/1/1973,8.61
11/1/1973,7.85
10/1/1973,7.15
9/1/1973,7.28
8/1/1973,7.26
7/1/1973,6.98
6/1/1973,6.9
5/1/1973,6.61
4/1/1973,6.29
3/1/1973,6.05
2/1/1973,5.84
1/1/1973,5.53
12/1/1972,5.46
11/1/1972,5.5
10/1/1972,5.69
9/1/1972,5.61
8/1/1972,5.48
7/1/1972,5.62
6/1/1972,5.53
5/1/1972,5.49
4/1/1972,5.39
3/1/1972,5.39
2/1/1972,5.49
1/1/1972,5.55
12/1/1971,5.75
11/1/1971,6.05
10/1/1971,5.67
9/1/1971,5.46
8/1/1971,5.55
7/1/1971,5.41
6/1/1971,5.33
5/1/1971,5.2
4/1/1971,5.1
3/1/1971,5.24
2/1/1971,5.34
1/1/1971,5.52
12/1/1970,5.7
11/1/1970,6.18
10/1/1970,6.26
9/1/1970,6.49
8/1/1970,6.95
7/1/1970,7.22
6/1/1970,7.3
5/1/1970,7.31
4/1/1970,6.51
3/1/1970,6.35
2/1/1970,6.52
1/1/1970,6.34
12/1/1969,6.34
11/1/1969,6.05
10/1/1969,6.13
9/1/1969,6.23
8/1/1969,6.24
7/1/1969,6.18
6/1/1969,5.89
5/1/1969,5.58
4/1/1969,5.75
3/1/1969,5.86
2/1/1969,5.71
1/1/1969,5.67
12/1/1968,5.41
11/1/1968,5.43
10/1/1968,5.48
9/1/1968,5.59
8/1/1968,5.74
7/1/1968,5.58
6/1/1968,5.54
5/1/1968,5.65
4/1/1968,5.73
3/1/1968,6.11
2/1/1968,5.95
1/1/1968,5.65
12/1/1967,5.59
11/1/1967,5.74
10/1/1967,5.55
9/1/1967,5.53
8/1/1967,5.62
7/1/1967,5.72
6/1/1967,5.83
5/1/1967,5.8
4/1/1967,5.95
3/1/1967,6.09
2/1/1967,6.28
1/1/1967,6.53
12/1/1966,6.82
11/1/1966,6.84
10/1/1966,7.16
9/1/1966,7.08
8/1/1966,6.81
7/1/1966,6.38
6/1/1966,6.34
5/1/1966,6.25
4/1/1966,5.87
3/1/1966,6.01
2/1/1966,5.71
1/1/1966,5.62
12/1/1965,5.66
11/1/1965,5.56
10/1/1965,5.53
9/1/1965,5.57
8/1/1965,5.7
7/1/1965,5.76
6/1/1965,5.69
5/1/1965,5.36
4/1/1965,5.38
3/1/1965,5.39
2/1/1965,5.34
1/1/1965,5.33
12/1/1964,5.42
11/1/1964,5.29
10/1/1964,5.3
9/1/1964,5.36
8/1/1964,5.39
7/1/1964,5.26
6/1/1964,5.4
5/1/1964,5.3
4/1/1964,5.29
3/1/1964,5.3
2/1/1964,5.33
1/1/1964,5.33
12/1/1963,5.42
11/1/1963,5.51
10/1/1963,5.45
9/1/1963,5.44
8/1/1963,5.52
7/1/1963,5.62
6/1/1963,5.48
5/1/1963,5.41
4/1/1963,5.46
3/1/1963,5.65
2/1/1963,5.61
1/1/1963,5.66
12/1/1962,5.86
11/1/1962,6.03
10/1/1962,6.37
9/1/1962,6.09
8/1/1962,6
7/1/1962,6.13
6/1/1962,6.24
5/1/1962,5.46
4/1/1962,5
3/1/1962,4.79
2/1/1962,4.71
1/1/1962,4.71
12/1/1961,4.45
11/1/1961,4.42
10/1/1961,4.55
9/1/1961,4.53
8/1/1961,4.49
7/1/1961,4.64
6/1/1961,4.62
5/1/1961,4.59
4/1/1961,4.66
3/1/1961,4.82
2/1/1961,5.07
1/1/1961,5.38
12/1/1960,5.76
11/1/1960,5.9
10/1/1960,6.09
9/1/1960,5.97
8/1/1960,5.78
7/1/1960,5.84
6/1/1960,5.69
5/1/1960,5.98
4/1/1960,6.01
3/1/1960,6.16
2/1/1960,6.08
1/1/1960,5.84
12/1/1959,5.74
11/1/1959,5.95
10/1/1959,5.99
9/1/1959,6.01
8/1/1959,5.76
7/1/1959,5.71
6/1/1959,5.92
5/1/1959,5.7
4/1/1959,5.62
3/1/1959,5.54
2/1/1959,5.54
1/1/1959,5.33
12/1/1958,5.4
11/1/1958,5.5
10/1/1958,5.66
9/1/1958,5.88
8/1/1958,6.07
7/1/1958,6.34
6/1/1958,6.55
5/1/1958,6.86
4/1/1958,7.25
3/1/1958,7.46
2/1/1958,7.8
1/1/1958,8.01
12/1/1957,8.36
11/1/1957,8.43
10/1/1957,8.33
9/1/1957,7.89
8/1/1957,7.53
7/1/1957,7.08
6/1/1957,7.19
5/1/1957,7.3
4/1/1957,7.56
3/1/1957,7.72
2/1/1957,7.83
1/1/1957,7.5
12/1/1956,7.34
11/1/1956,7.49
10/1/1956,7.45
9/1/1956,7.39
8/1/1956,7.23
7/1/1956,7.28
6/1/1956,7.78
5/1/1956,7.8
4/1/1956,7.62
3/1/1956,7.77
2/1/1956,8.25
1/1/1956,8.25
12/1/1955,7.98
11/1/1955,7.92
10/1/1955,8.31
9/1/1955,7.76
8/1/1955,7.93
7/1/1955,7.71
6/1/1955,8.09
5/1/1955,8.33
4/1/1955,8.07
3/1/1955,8.11
2/1/1955,7.87
1/1/1955,7.96
12/1/1954,7.92
11/1/1954,8.14
10/1/1954,8.32
9/1/1954,8.36
8/1/1954,8.55
7/1/1954,8.71
6/1/1954,9.05
5/1/1954,9.04
4/1/1954,9.31
3/1/1954,9.6
2/1/1954,9.75
1/1/1954,9.91
12/1/1953,10.11
11/1/1953,10.3
10/1/1953,10.58
9/1/1953,10.96
8/1/1953,10.4
7/1/1953,10.39
6/1/1953,10.48
5/1/1953,10
4/1/1953,9.94
3/1/1953,9.35
2/1/1953,9.36
1/1/1953,9.21
12/1/1952,9.22
11/1/1952,9.54
10/1/1952,9.78
9/1/1952,9.52
8/1/1952,9.35
7/1/1952,9.36
6/1/1952,9.6
5/1/1952,9.95
4/1/1952,10.03
3/1/1952,10.08
2/1/1952,10.16
1/1/1952,10.03
12/1/1951,10.42
11/1/1951,10.85
10/1/1951,10.64
9/1/1951,10.69
8/1/1951,11.27
7/1/1951,12.08
6/1/1951,12.62
5/1/1951,12.57
4/1/1951,12.74
3/1/1951,13.08
2/1/1951,12.88
1/1/1951,13.37
12/1/1950,14.38
11/1/1950,14.12
10/1/1950,13.89
9/1/1950,14.26
8/1/1950,14.43
7/1/1950,14.96
6/1/1950,13.55
5/1/1950,13.47
4/1/1950,13.6
3/1/1950,13.66
2/1/1950,13.67
1/1/1950,13.84
12/1/1949,14.03
11/1/1949,14.55
10/1/1949,14.89
9/1/1949,15.43
8/1/1949,15.65
7/1/1949,16.24
6/1/1949,17.18
5/1/1949,16.19
4/1/1949,16.03
3/1/1949,15.96
2/1/1949,15.91
1/1/1949,15.1
12/1/1948,15.08
11/1/1948,14.5
10/1/1948,13.24
9/1/1948,13.13
8/1/1948,12.55
7/1/1948,11.75
6/1/1948,11.06
5/1/1948,11.21
4/1/1948,11.43
3/1/1948,11.96
2/1/1948,11.89
1/1/1948,11.08
12/1/1947,10.71
11/1/1947,10.41
10/1/1947,10.16
9/1/1947,10.29
8/1/1947,9.79
7/1/1947,9.36
6/1/1947,9.7
5/1/1947,9.65
4/1/1947,9.09
3/1/1947,8.38
2/1/1947,7.59
1/1/1947,7.43
12/1/1946,7.01
11/1/1946,6.83
10/1/1946,6.42
9/1/1946,5.9
8/1/1946,4.93
7/1/1946,4.75
6/1/1946,4.52
5/1/1946,4.6
4/1/1946,4.72
3/1/1946,5.13
2/1/1946,5.09
1/1/1946,5.22
12/1/1945,5.54
11/1/1945,5.69
10/1/1945,5.94
9/1/1945,6.25
8/1/1945,6.7
7/1/1945,6.74
6/1/1945,6.63
5/1/1945,6.66
4/1/1945,6.82
3/1/1945,6.89
2/1/1945,6.81
1/1/1945,6.97
12/1/1944,7.1
11/1/1944,7.18
10/1/1944,7.05
9/1/1944,7.14
8/1/1944,7.08
7/1/1944,7.03
6/1/1944,7.26
5/1/1944,7.63
4/1/1944,7.79
3/1/1944,7.69
2/1/1944,7.93
1/1/1944,7.9
12/1/1943,8.19
11/1/1943,8.71
10/1/1943,8.7
9/1/1943,9.01
8/1/1943,9.26
7/1/1943,8.85
6/1/1943,9.09
5/1/1943,9.17
4/1/1943,9.44
3/1/1943,9.67
2/1/1943,9.88
1/1/1943,10.34
12/1/1942,10.82
11/1/1942,10.56
10/1/1942,10.41
9/1/1942,10.83
8/1/1942,11.1
7/1/1942,11.19
6/1/1942,11.76
5/1/1942,12.61
4/1/1942,13.01
3/1/1942,12.71
2/1/1942,12.49
1/1/1942,12.54
12/1/1941,13.24
11/1/1941,12.49
10/1/1941,12
9/1/1941,11.62
8/1/1941,11.33
7/1/1941,10.95
6/1/1941,11.17
5/1/1941,11.45
4/1/1941,11.1
3/1/1941,10.65
2/1/1941,10.68
1/1/1941,9.98
12/1/1940,9.97
11/1/1940,9.65
10/1/1940,9.97
9/1/1940,10.16
8/1/1940,10.46
7/1/1940,10.54
6/1/1940,10.75
5/1/1940,9.67
4/1/1940,8.2
3/1/1940,8.15
2/1/1940,7.86
1/1/1940,7.56
12/1/1939,7.28
11/1/1939,6.87
10/1/1939,6.51
9/1/1939,6.34
8/1/1939,6.87
7/1/1939,6.63
6/1/1939,6.65
5/1/1939,6.62
4/1/1939,6.71
3/1/1939,5.73
2/1/1939,5.54
1/1/1939,5.31
12/1/1938,5.04
11/1/1938,4.85
10/1/1938,4.8
9/1/1938,5.28
8/1/1938,5.44
7/1/1938,5.88
6/1/1938,7.54
5/1/1938,8.38
4/1/1938,9.13
3/1/1938,9.41
2/1/1938,9.27
1/1/1938,9.52
12/1/1937,10.25
11/1/1937,10.36
10/1/1937,9.69
9/1/1937,8.49
8/1/1937,7.19
7/1/1937,7.16
6/1/1937,7.48
5/1/1937,7.08
4/1/1937,6.64
3/1/1937,6.14
2/1/1937,5.96
1/1/1937,5.97
12/1/1936,5.98
11/1/1936,5.72
10/1/1936,5.72
9/1/1936,5.86
8/1/1936,5.8
7/1/1936,5.78
6/1/1936,5.99
5/1/1936,6.03
4/1/1936,5.51
3/1/1936,5.32
2/1/1936,5.36
1/1/1936,5.6
12/1/1935,5.83
11/1/1935,5.83
10/1/1935,6.38
9/1/1935,6.55
8/1/1935,6.83
7/1/1935,7.45
6/1/1935,8
5/1/1935,8.03
4/1/1935,8.37
3/1/1935,8.68
2/1/1935,7.24
1/1/1935,6.16
12/1/1934,5.29
11/1/1934,5.28
10/1/1934,5.38
9/1/1934,5.38
8/1/1934,5.2
7/1/1934,4.95
6/1/1934,4.68
5/1/1934,4.7
4/1/1934,4.18
3/1/1934,4.21
2/1/1934,3.96
1/1/1934,4.21
12/1/1933,4.41
11/1/1933,4.47
10/1/1933,4.55
9/1/1933,4.09
8/1/1933,4.03
7/1/1933,3.81
6/1/1933,4.09
5/1/1933,4.76
4/1/1933,6.1
3/1/1933,6.7
2/1/1933,6.64
1/1/1933,5.82
12/1/1932,6.01
11/1/1932,6.05
10/1/1932,6.23
9/1/1932,5.57
8/1/1932,6.33
7/1/1932,9.85
6/1/1932,10.69
5/1/1932,9.56
4/1/1932,8.65
3/1/1932,6.78
2/1/1932,7.01
1/1/1932,7.15
12/1/1931,7.23
11/1/1931,6.16
10/1/1931,6.54
9/1/1931,5.92
8/1/1931,5.25
7/1/1931,5.3
6/1/1931,5.7
5/1/1931,5.72
4/1/1931,5.36
3/1/1931,5.02
2/1/1931,5.29
1/1/1931,5.88
12/1/1930,6.25
11/1/1930,6.16
10/1/1930,6.01
9/1/1930,5.44
8/1/1930,5.69
7/1/1930,5.87
6/1/1930,5.99
5/1/1930,5.61
4/1/1930,5.49
3/1/1930,6.06
2/1/1930,6.51
1/1/1930,7.17
12/1/1929,7.52
11/1/1929,7.73
10/1/1929,5.62
9/1/1929,4.96
8/1/1929,5.09
7/1/1929,5.32
6/1/1929,5.72
5/1/1929,5.75
4/1/1929,5.76
3/1/1929,5.65
2/1/1929,5.67
1/1/1929,5.63
12/1/1928,5.96
11/1/1928,5.88
10/1/1928,6.18
9/1/1928,6.2
8/1/1928,6.52
7/1/1928,6.62
6/1/1928,6.55
5/1/1928,6.11
4/1/1928,6.19
3/1/1928,6.45
2/1/1928,6.67
1/1/1928,6.46
12/1/1927,6.36
11/1/1927,6.57
10/1/1927,6.79
9/1/1927,6.75
8/1/1927,7.19
7/1/1927,7.65
6/1/1927,7.89
5/1/1927,8.07
4/1/1927,8.42
3/1/1927,8.71
2/1/1927,8.92
1/1/1927,9.17
12/1/1926,9.19
11/1/1926,9.41
10/1/1926,9.54
9/1/1926,9.32
8/1/1926,9.47
7/1/1926,9.86
6/1/1926,10.28
5/1/1926,10.78
4/1/1926,10.86
3/1/1926,10.57
2/1/1926,9.85
1/1/1926,9.87
12/1/1925,10.03
11/1/1925,9.98
10/1/1925,10.07
9/1/1925,10.17
8/1/1925,10.16
7/1/1925,10.06
6/1/1925,10.09
5/1/1925,10.02
4/1/1925,10.09
3/1/1925,9.72
2/1/1925,9.22
1/1/1925,9.04
12/1/1924,9.15
11/1/1924,9.69
10/1/1924,10.28
9/1/1924,10.19
8/1/1924,10.14
7/1/1924,10.53
6/1/1924,11.07
5/1/1924,11.32
4/1/1924,11.33
3/1/1924,11.12
2/1/1924,10.95
1/1/1924,11.05
12/1/1923,11.46
11/1/1923,11.56
10/1/1923,11.6
9/1/1923,11.13
8/1/1923,10.9
7/1/1923,10.66
6/1/1923,10.01
5/1/1923,9.35
4/1/1923,8.65
3/1/1923,8.09
2/1/1923,7.96
1/1/1923,8.02
12/1/1922,7.86
11/1/1922,7.46
10/1/1922,6.73
9/1/1922,6.51
8/1/1922,6.3
7/1/1922,6.15
6/1/1922,5.8
5/1/1922,5.35
4/1/1922,5.16
3/1/1922,5.04
2/1/1922,4.78
1/1/1922,4.43
12/1/1921,3.97
11/1/1921,4.71
10/1/1921,5.6
9/1/1921,6.32
8/1/1921,7.13
7/1/1921,7.7
6/1/1921,8.32
5/1/1921,8.25
4/1/1921,9.12
3/1/1921,9.77
2/1/1921,10.13
1/1/1921,10.65
12/1/1920,11.75
11/1/1920,10.84
10/1/1920,10.43
9/1/1920,10.58
8/1/1920,11.1
7/1/1920,10.8
6/1/1920,10.92
5/1/1920,10.87
4/1/1920,10.31
3/1/1920,10.35
2/1/1920,11.21
1/1/1920,10.41
12/1/1919,10.43
11/1/1919,10.17
10/1/1919,9.93
9/1/1919,10.49
8/1/1919,10.71
7/1/1919,10.04
6/1/1919,10.42
5/1/1919,10.76
4/1/1919,11.56
3/1/1919,12.01
2/1/1919,12.44
1/1/1919,12.55
12/1/1918,12.53
11/1/1918,12.58
10/1/1918,13.21
9/1/1918,14.1
8/1/1918,14.34
7/1/1918,14.79
6/1/1918,15.23
5/1/1918,15.58
4/1/1918,16.41
3/1/1918,16.59
2/1/1918,16.58
1/1/1918,17.42
12/1/1917,18.82
11/1/1917,18.48
10/1/1917,17.21
9/1/1917,16.54
8/1/1917,15.98
7/1/1917,15.75
6/1/1917,15.54
5/1/1917,16.09
4/1/1917,15.78
3/1/1917,15.77
2/1/1917,16.48
1/1/1917,15.77
12/1/1916,15.61
11/1/1916,14.46
10/1/1916,14.25
9/1/1916,14.13
8/1/1916,14.12
7/1/1916,13.64
6/1/1916,12.87
5/1/1916,12.42
4/1/1916,12.09
3/1/1916,11.36
2/1/1916,10.74
1/1/1916,10.01
12/1/1915,9.28
11/1/1915,8.99
10/1/1915,8.97
9/1/1915,9.12
8/1/1915,9.1
7/1/1915,9.11
6/1/1915,8.71
5/1/1915,8.43
4/1/1915,7.86
3/1/1915,8.06
2/1/1915,7.86
1/1/1915,7.35
12/1/1914,7.07
11/1/1914,6.89
10/1/1914,7.01
9/1/1914,7.13
8/1/1914,7.25
7/1/1914,7.37
6/1/1914,7.07
5/1/1914,7.15
4/1/1914,7.31
3/1/1914,7.24
2/1/1914,7.21
1/1/1914,7.42
12/1/1913,7.84
11/1/1913,7.9
10/1/1913,7.77
9/1/1913,7.59
8/1/1913,7.73
7/1/1913,8.01
6/1/1913,8.19
5/1/1913,7.85
4/1/1913,7.7
3/1/1913,7.76
2/1/1913,7.67
1/1/1913,7.46
12/1/1912,7.46
11/1/1912,7.1
10/1/1912,6.93
9/1/1912,6.82
8/1/1912,6.76
7/1/1912,6.82
6/1/1912,6.73
5/1/1912,6.64
4/1/1912,6.53
3/1/1912,6.64
2/1/1912,6.73
1/1/1912,6.57
12/1/1911,6.48
11/1/1911,6.63
10/1/1911,7.03
9/1/1911,7.21
8/1/1911,6.94
7/1/1911,6.73
6/1/1911,6.83
5/1/1911,7.09
4/1/1911,7.36
3/1/1911,7.46
2/1/1911,7.49
1/1/1911,7.75
12/1/1910,8.07
11/1/1910,7.87
10/1/1910,7.89
9/1/1910,8.28
8/1/1910,8.36
7/1/1910,8.59
6/1/1910,8.19
5/1/1910,7.82
4/1/1910,7.72
3/1/1910,7.56
2/1/1910,7.77
1/1/1910,7.51
12/1/1909,7.38
11/1/1909,7.32
10/1/1909,7.14
9/1/1909,7.02
8/1/1909,6.88
7/1/1909,6.89
6/1/1909,6.84
5/1/1909,6.8
4/1/1909,6.87
3/1/1909,7.01
2/1/1909,6.93
1/1/1909,6.57
12/1/1908,6.42
11/1/1908,6.64
10/1/1908,7.17
9/1/1908,7.34
8/1/1908,7.35
7/1/1908,7.74
6/1/1908,8.12
5/1/1908,8.21
4/1/1908,8.75
3/1/1908,9.32
2/1/1908,9.8
1/1/1908,9.54
12/1/1907,10.05
11/1/1907,10.69
10/1/1907,10.19
9/1/1907,9.19
8/1/1907,9.21
7/1/1907,8.62
6/1/1907,9.06
5/1/1907,8.87
4/1/1907,8.66
3/1/1907,8.8
2/1/1907,8.03
1/1/1907,7.86
12/1/1906,7.72
11/1/1906,7.58
10/1/1906,7.66
9/1/1906,7.35
8/1/1906,7.5
7/1/1906,7.97
6/1/1906,7.69
5/1/1906,7.71
4/1/1906,7.42
3/1/1906,7.24
2/1/1906,6.99
1/1/1906,6.86
12/1/1905,7.02
11/1/1905,7.04
10/1/1905,6.84
9/1/1905,6.77
8/1/1905,6.63
7/1/1905,6.71
6/1/1905,6.74
5/1/1905,6.65
4/1/1905,6.15
3/1/1905,5.91
2/1/1905,5.91
1/1/1905,5.99
12/1/1904,5.94
11/1/1904,6.04
10/1/1904,6.41
9/1/1904,6.83
8/1/1904,7.18
7/1/1904,7.47
6/1/1904,7.83
5/1/1904,7.9
4/1/1904,7.78
3/1/1904,8.02
2/1/1904,8.05
1/1/1904,7.88
12/1/1903,8.07
11/1/1903,8.57
10/1/1903,8.73
9/1/1903,8.58
8/1/1903,8.5
7/1/1903,8.35
6/1/1903,8.08
5/1/1903,7.74
4/1/1903,7.7
3/1/1903,7.49
2/1/1903,7.29
1/1/1903,7.35
12/1/1902,7.83
11/1/1902,7.51
10/1/1902,7.1
9/1/1902,6.75
8/1/1902,6.64
7/1/1902,6.7
6/1/1902,6.72
5/1/1902,6.55
4/1/1902,6.41
3/1/1902,6.49
2/1/1902,6.37
1/1/1902,6.29
12/1/1901,6.29
11/1/1901,6.17
10/1/1901,6.28
9/1/1901,6.19
8/1/1901,6.14
7/1/1901,6.2
6/1/1901,5.76
5/1/1901,6.32
4/1/1901,5.98
3/1/1901,6.46
2/1/1901,6.67
1/1/1901,6.81
12/1/1900,6.99
11/1/1900,7.41
10/1/1900,7.99
9/1/1900,8.28
8/1/1900,8.08
7/1/1900,8.19
6/1/1900,8.19
5/1/1900,7.95
4/1/1900,7.57
3/1/1900,7.67
2/1/1900,7.73
1/1/1900,7.87
1899-12-01,7.97
1899-11-01,7.26
1899-10-01,7.23
1899-09-01,7.03
1899-08-01,6.78
1899-07-01,6.78
1899-06-01,6.84
1899-05-01,6.51
1899-04-01,6.07
1899-03-01,5.98
1899-02-01,5.89
1899-01-01,5.93
1898-12-01,6.19
1898-11-01,6.52
1898-10-01,6.67
1898-09-01,6.46
1898-08-01,6.39
1898-07-01,6.56
1898-06-01,6.52
1898-05-01,6.71
1898-04-01,7.07
1898-03-01,6.88
1898-02-01,6.5
1898-01-01,6.42
1897-12-01,6.53
1897-11-01,6.49
1897-10-01,6.09
1897-09-01,5.72
1897-08-01,5.83
1897-07-01,6.02
1897-06-01,6.09
1897-05-01,6.17
1897-04-01,5.99
1897-03-01,5.61
1897-02-01,5.42
1897-01-01,5.17
1896-12-01,4.98
1896-11-01,4.87
1896-10-01,5.29
1896-09-01,5.49
1896-08-01,5.86
1896-07-01,5.61
1896-06-01,5.32
1896-05-01,5.3
1896-04-01,5.36
1896-03-01,5.48
1896-02-01,5.47
1896-01-01,5.78
1895-12-01,5.79
1895-11-01,5.28
1895-10-01,4.95
1895-09-01,4.72
1895-08-01,4.59
1895-07-01,4.5
1895-06-01,4.36
1895-05-01,4.28
1895-04-01,4.35
1895-03-01,4.36
1895-02-01,4.18
1895-01-01,3.94
1894-12-01,3.72
1894-11-01,3.88
1894-10-01,4.07
1894-09-01,4.13
1894-08-01,4.38
1894-07-01,4.75
1894-06-01,4.84
1894-05-01,4.96
1894-04-01,4.96
1894-03-01,5.21
1894-02-01,5.55
1894-01-01,5.83
1893-12-01,5.9
1893-11-01,5.89
1893-10-01,6.18
1893-09-01,6.58
1893-08-01,7.27
1893-07-01,7.32
1893-06-01,6.83
1893-05-01,6.7
1893-04-01,6.28
1893-03-01,6.45
1893-02-01,6.38
1893-01-01,6.43
1892-12-01,6.72
1892-11-01,6.6
1892-10-01,6.53
1892-09-01,6.61
1892-08-01,6.41
1892-07-01,6.45
1892-06-01,6.41
1892-05-01,6.33
1892-04-01,6.28
1892-03-01,6.23
1892-02-01,6.25
1892-01-01,6.22
1891-12-01,6.28
1891-11-01,6.4
1891-10-01,6.22
1891-09-01,6.14
1891-08-01,6.56
1891-07-01,6.69
1891-06-01,6.49
1891-05-01,6.28
1891-04-01,6.17
1891-03-01,6.29
1891-02-01,6.09
1891-01-01,6.08
1890-12-01,6.3
1890-11-01,6.17
1890-10-01,5.74
1890-09-01,5.5
1890-08-01,5.42
1890-07-01,5.31
1890-06-01,5.29
1890-05-01,5.26
1890-04-01,5.5
1890-03-01,5.63
1890-02-01,5.61
1890-01-01,5.56
1889-12-01,5.64
1889-11-01,5.55
1889-10-01,5.43
1889-09-01,5.27
1889-08-01,5.34
1889-07-01,5.35
1889-06-01,5.18
1889-05-01,5.2
1889-04-01,5.28
1889-03-01,5.2
1889-02-01,5.03
1889-01-01,5.02
1888-12-01,5.06
1888-11-01,5.12
1888-10-01,5.17
1888-09-01,5.3
1888-08-01,5.59
1888-07-01,5.87
1888-06-01,6.19
1888-05-01,6.16
1888-04-01,6.41
1888-03-01,6.59
1888-02-01,6.5
1888-01-01,6.62
1887-12-01,6.83
1887-11-01,6.75
1887-10-01,6.83
1887-09-01,6.55
1887-08-01,6.42
1887-07-01,6.22
1887-06-01,6.02
1887-05-01,5.81
1887-04-01,5.86
1887-03-01,5.95
1887-02-01,6.05
1887-01-01,5.96
1886-12-01,5.85
1886-11-01,5.61
1886-10-01,5.66
1886-09-01,5.72
1886-08-01,5.77
1886-07-01,5.72
1886-06-01,5.71
1886-05-01,5.88
1886-04-01,5.66
1886-03-01,5.49
1886-02-01,5.28
1886-01-01,5.29
1885-12-01,5.19
1885-11-01,5.22
1885-10-01,5.62
1885-09-01,6.02
1885-08-01,6.01
1885-07-01,6.43
1885-06-01,6.74
1885-05-01,6.79
1885-04-01,6.79
1885-03-01,6.85
1885-02-01,6.94
1885-01-01,7.23
1884-12-01,7.14
1884-11-01,7.3
1884-10-01,7.32
1884-09-01,7.24
1884-08-01,7.17
1884-07-01,7.79
1884-06-01,7.96
1884-05-01,7.8
1884-04-01,7.31
1884-03-01,7.12
1884-02-01,7.24
1884-01-01,7.58
1883-12-01,7.49
1883-11-01,7.37
1883-10-01,7.53
1883-09-01,7.37
1883-08-01,7.5
1883-07-01,7.2
1883-06-01,7.13
1883-05-01,7.24
1883-04-01,7.16
1883-03-01,7.35
1883-02-01,7.48
1883-01-01,7.36
1882-12-01,7.36
1882-11-01,7.41
1882-10-01,7.11
1882-09-01,6.93
1882-08-01,7.01
1882-07-01,7.24
1882-06-01,7.66
1882-05-01,7.63
1882-04-01,7.56
1882-03-01,7.57
1882-02-01,7.57
1882-01-01,7.42
1881-12-01,7.32
1881-11-01,7.18
1881-10-01,7.29
1881-09-01,7.24
1881-08-01,7.37
1881-07-01,7.26
1881-06-01,7.07
1881-05-01,7.22
1881-04-01,7.61
1881-03-01,7.65
1881-02-01,7.81
1881-01-01,7.85
1880-12-01,8.39
1880-11-01,8.57
1880-10-01,8.85
1880-09-01,8.93
1880-08-01,8.73
1880-07-01,8.87
1880-06-01,9.08
1880-05-01,8.93
1880-04-01,8.04
1880-03-01,7.69
1880-02-01,7.66
1880-01-01,7.62
1879-12-01,7.72
1879-11-01,7.59
1879-10-01,7.87
1879-09-01,8.59
1879-08-01,8.76
1879-07-01,8.68
1879-06-01,8.71
1879-05-01,8.61
1879-04-01,8.84
1879-03-01,8.97
1879-02-01,8.67
1879-01-01,8.82
1878-12-01,8.99
1878-11-01,8.91
1878-10-01,8.86
1878-09-01,8.74
1878-08-01,8.89
1878-07-01,8.79
1878-06-01,8.94
1878-05-01,9.11
1878-04-01,9.11
1878-03-01,9.34
1878-02-01,9.49
1878-01-01,9.26
1877-12-01,9.23
1877-11-01,9.15
1877-10-01,8.96
1877-09-01,9.1
1877-08-01,9.62
1877-07-01,10.24
1877-06-01,10.62
1877-05-01,9.81
1877-04-01,9.75
1877-03-01,8.99
1877-02-01,8.48
1877-01-01,7.94
1876-12-01,7.82
1876-11-01,7.96
1876-10-01,7.99
1876-09-01,8.13
1876-08-01,7.8
1876-07-01,7.64
1876-06-01,7.71
1876-05-01,7.82
1876-04-01,7.68
1876-03-01,7.54
1876-02-01,7.67
1876-01-01,7.92
1875-12-01,8.24
1875-11-01,8.43
1875-10-01,8.76
1875-09-01,8.81
1875-08-01,8.92
1875-07-01,9.15
1875-06-01,9.36
1875-05-01,9.36
1875-04-01,9.18
1875-03-01,9.48
1875-02-01,9.79
1875-01-01,9.95
1874-12-01,10.13
1874-11-01,10.07
1874-10-01,10.15
1874-09-01,10.13
1874-08-01,10.29
1874-07-01,10.31
1874-06-01,10.31
1874-05-01,10.27
1874-04-01,10
1874-03-01,9.73
1874-02-01,9.58
1874-01-01,9.87
1873-12-01,10.41
1873-11-01,11.32
1873-10-01,10.86
1873-09-01,9.86
1873-08-01,9.05
1873-07-01,9
1873-06-01,8.94
1873-05-01,8.76
1873-04-01,8.73
1873-03-01,8.56
1873-02-01,8.45
1873-01-01,8.46
1872-12-01,8.48
1872-11-01,8.64
1872-10-01,8.55
1872-09-01,8.54
1872-08-01,8.33
1872-07-01,8.19
1872-06-01,8.09
1872-05-01,7.96
1872-04-01,7.92
1872-03-01,8.09
1872-02-01,8.3
1872-01-01,8.28
1871-12-01,8.44
1871-11-01,8.62
1871-10-01,8.71
1871-09-01,8.26
1871-08-01,8.35
1871-07-01,8.46
1871-06-01,8.3
1871-05-01,8.23
1871-04-01,8.44
1871-03-01,8.68
1871-02-01,8.89
1871-01-01,9.01
