Date,Month,Day ,Year,SP 500 Index,,Date on Return,SP 500_Return,,
12/31/1961,12,31,1961,71.55,,1/1/1962,-3.787561146,,Comment: The monthly return date is chosen to be the 1st of every month.
1/31/1962,1,31,1962,68.84,,2/1/1962,1.626961069,,
2/28/1962,2,28,1962,69.96,,3/1/1962,-0.586049171,,
3/31/1962,3,31,1962,69.55,,4/1/1962,-6.19698059,,
4/30/1962,4,30,1962,65.24,,5/1/1962,-8.599019007,,
5/31/1962,5,31,1962,59.63,,6/1/1962,-8.183800101,,
6/30/1962,6,30,1962,54.75,,7/1/1962,6.356164384,,
7/31/1962,7,31,1962,58.23,,8/1/1962,1.528421776,,
8/31/1962,8,31,1962,59.12,,9/1/1962,-4.820703654,,
9/30/1962,9,30,1962,56.27,,10/1/1962,0.444286476,,
10/31/1962,10,31,1962,56.52,,11/1/1962,10.1556971,,
11/30/1962,11,30,1962,62.26,,12/1/1962,1.349180854,,
12/31/1962,12,31,1962,63.1,,1/1/1963,4.912836767,,
1/31/1963,1,31,1963,66.2,,2/1/1963,-2.885196375,,
2/28/1963,2,28,1963,64.29,,3/1/1963,3.546430238,,
3/31/1963,3,31,1963,66.57,,4/1/1963,4.852035451,,
4/30/1963,4,30,1963,69.8,,5/1/1963,1.432664756,,
5/31/1963,5,31,1963,70.8,,6/1/1963,-2.019774011,,
6/30/1963,6,30,1963,69.37,,7/1/1963,-0.345970881,,
7/31/1963,7,31,1963,69.13,,8/1/1963,4.874873427,,
8/31/1963,8,31,1963,72.5,,9/1/1963,-1.103448276,,
9/30/1963,9,30,1963,71.7,,10/1/1963,3.221757322,,
10/31/1963,10,31,1963,74.01,,11/1/1963,-1.053911634,,
11/30/1963,11,30,1963,73.23,,12/1/1963,2.444353407,,
12/31/1963,12,31,1963,75.02,,1/1/1964,2.692615303,,
1/31/1964,1,31,1964,77.04,,2/1/1964,0.986500519,,
2/29/1964,2,29,1964,77.8,,3/1/1964,1.516709512,,
3/31/1964,3,31,1964,78.98,,4/1/1964,0.607748797,,
4/30/1964,4,30,1964,79.46,,5/1/1964,1.145230305,,
5/31/1964,5,31,1964,80.37,,6/1/1964,1.642403882,,
6/30/1964,6,30,1964,81.69,,7/1/1964,1.823968662,,
7/31/1964,7,31,1964,83.18,,8/1/1964,-1.622986295,,
8/31/1964,8,31,1964,81.83,,9/1/1964,2.871807406,,
9/30/1964,9,30,1964,84.18,,10/1/1964,0.807792825,,
10/31/1964,10,31,1964,84.86,,11/1/1964,-0.518501061,,
11/30/1964,11,30,1964,84.42,,12/1/1964,0.39090263,,
12/31/1964,12,31,1964,84.75,,1/1/1965,3.315634218,,
1/31/1965,1,31,1965,87.56,,2/1/1965,-0.148469621,,
2/28/1965,2,28,1965,87.43,,3/1/1965,-1.452590644,,
3/31/1965,3,31,1965,86.16,,4/1/1965,3.423862581,,
4/30/1965,4,30,1965,89.11,,5/1/1965,-0.774323869,,
5/31/1965,5,31,1965,88.42,,6/1/1965,-4.863153133,,
6/30/1965,6,30,1965,84.12,,7/1/1965,1.343319068,,
7/31/1965,7,31,1965,85.25,,8/1/1965,2.252199413,,
8/31/1965,8,31,1965,87.17,,9/1/1965,3.200642423,,
9/30/1965,9,30,1965,89.96,,10/1/1965,2.734548688,,
10/31/1965,10,31,1965,92.42,,11/1/1965,-0.876433672,,
11/30/1965,11,30,1965,91.61,,12/1/1965,0.895098788,,
12/31/1965,12,31,1965,92.43,,1/1/1966,0.486854917,,
1/31/1966,1,31,1966,92.88,,2/1/1966,-1.787252369,,
2/28/1966,2,28,1966,91.22,,3/1/1966,-2.181539136,,
3/31/1966,3,31,1966,89.23,,4/1/1966,2.050879749,,
4/30/1966,4,30,1966,91.06,,5/1/1966,-5.414012739,,
5/31/1966,5,31,1966,86.13,,6/1/1966,-1.613839545,,
6/30/1966,6,30,1966,84.74,,7/1/1966,-1.34529148,,
7/31/1966,7,31,1966,83.6,,8/1/1966,-7.775119617,,
8/31/1966,8,31,1966,77.1,,9/1/1966,-0.700389105,,
9/30/1966,9,30,1966,76.56,,10/1/1966,4.754440961,,
10/31/1966,10,31,1966,80.2,,11/1/1966,0.311720698,,
11/30/1966,11,30,1966,80.45,,12/1/1966,-0.14916097,,
12/31/1966,12,31,1966,80.33,,1/1/1967,7.817751774,,
1/31/1967,1,31,1967,86.61,,2/1/1967,0.196282185,,
2/28/1967,2,28,1967,86.78,,3/1/1967,3.94100023,,
3/31/1967,3,31,1967,90.2,,4/1/1967,4.223946785,,
4/30/1967,4,30,1967,94.01,,5/1/1967,-5.244122966,,
5/31/1967,5,31,1967,89.08,,6/1/1967,1.751234845,,
6/30/1967,6,30,1967,90.64,,7/1/1967,4.534421889,,
7/31/1967,7,31,1967,94.75,,8/1/1967,-1.171503958,,
8/31/1967,8,31,1967,93.64,,9/1/1967,3.278513456,,
9/30/1967,9,30,1967,96.71,,10/1/1967,-2.905594044,,
10/31/1967,10,31,1967,93.9,,11/1/1967,0.106496273,,
11/30/1967,11,30,1967,94,,12/1/1967,2.627659574,,
12/31/1967,12,31,1967,96.47,,1/1/1968,-4.384782834,,
1/31/1968,1,31,1968,92.24,,2/1/1968,-3.122289679,,
2/29/1968,2,29,1968,89.36,,3/1/1968,0.940017905,,
3/31/1968,3,31,1968,90.2,,4/1/1968,8.192904656,,
4/30/1968,4,30,1968,97.59,,5/1/1968,1.116917717,,
5/31/1968,5,31,1968,98.68,,6/1/1968,0.912038914,,
6/30/1968,6,30,1968,99.58,,7/1/1968,-1.847760594,,
7/31/1968,7,31,1968,97.74,,8/1/1968,1.145897278,,
8/31/1968,8,31,1968,98.86,,9/1/1968,3.853934857,,
9/30/1968,9,30,1968,102.67,,10/1/1968,0.72075582,,
10/31/1968,10,31,1968,103.41,,11/1/1968,4.79644135,,
11/30/1968,11,30,1968,108.37,,12/1/1968,-4.161668358,,
12/31/1968,12,31,1968,103.86,,1/1/1969,-0.818409397,,
1/31/1969,1,31,1969,103.01,,2/1/1969,-4.737404136,,
2/28/1969,2,28,1969,98.13,,3/1/1969,3.444410476,,
3/31/1969,3,31,1969,101.51,,4/1/1969,2.147571668,,
4/30/1969,4,30,1969,103.69,,5/1/1969,-0.221815026,,
5/31/1969,5,31,1969,103.46,,6/1/1969,-5.55770346,,
6/30/1969,6,30,1969,97.71,,7/1/1969,-6.017807799,,
7/31/1969,7,31,1969,91.83,,8/1/1969,4.007404987,,
8/31/1969,8,31,1969,95.51,,9/1/1969,-2.502355774,,
9/30/1969,9,30,1969,93.12,,10/1/1969,4.424398625,,
10/31/1969,10,31,1969,97.24,,11/1/1969,-3.527354998,,
11/30/1969,11,30,1969,93.81,,12/1/1969,-1.865472764,,
12/31/1969,12,31,1969,92.06,,1/1/1970,-7.647186617,,
1/31/1970,1,31,1970,85.02,,2/1/1970,5.269348389,,
2/28/1970,2,28,1970,89.5,,3/1/1970,0.145251397,,
3/31/1970,3,31,1970,89.63,,4/1/1970,-9.048309718,,
4/30/1970,4,30,1970,81.52,,5/1/1970,-6.096663395,,
5/31/1970,5,31,1970,76.55,,6/1/1970,-5.003265839,,
6/30/1970,6,30,1970,72.72,,7/1/1970,7.329482948,,
7/31/1970,7,31,1970,78.05,,8/1/1970,4.445868033,,
8/31/1970,8,31,1970,81.52,,9/1/1970,3.299803729,,
9/30/1970,9,30,1970,84.21,,10/1/1970,-1.140007125,,
10/31/1970,10,31,1970,83.25,,11/1/1970,4.744744745,,
11/30/1970,11,30,1970,87.2,,12/1/1970,5.676605505,,
12/31/1970,12,31,1970,92.15,,1/1/1971,4.047748237,,
1/31/1971,1,31,1971,95.88,,2/1/1971,0.90738423,,
2/28/1971,2,28,1971,96.75,,3/1/1971,3.679586563,,
3/31/1971,3,31,1971,100.31,,4/1/1971,3.628750872,,
4/30/1971,4,30,1971,103.95,,5/1/1971,-4.155844156,,
5/31/1971,5,31,1971,99.63,,6/1/1971,0.070259962,,
6/30/1971,6,30,1971,99.7,,7/1/1971,-4.112337011,,
7/31/1971,7,31,1971,95.6,,8/1/1971,3.587866109,,
8/31/1971,8,31,1971,99.03,,9/1/1971,-0.696758558,,
9/30/1971,9,30,1971,98.34,,10/1/1971,-4.179377669,,
10/31/1971,10,31,1971,94.23,,11/1/1971,-0.254695957,,
11/30/1971,11,30,1971,93.99,,12/1/1971,8.617938079,,
12/31/1971,12,31,1971,102.09,,1/1/1972,1.812126555,,
1/31/1972,1,31,1972,103.94,,2/1/1972,2.530305946,,
2/29/1972,2,29,1972,106.57,,3/1/1972,0.591160739,,
3/31/1972,3,31,1972,107.2,,4/1/1972,0.438432836,,
4/30/1972,4,30,1972,107.67,,5/1/1972,1.727500697,,
5/31/1972,5,31,1972,109.53,,6/1/1972,-2.18205058,,
6/30/1972,6,30,1972,107.14,,7/1/1972,0.233339556,,
7/31/1972,7,31,1972,107.39,,8/1/1972,3.445385976,,
8/31/1972,8,31,1972,111.09,,9/1/1972,-0.486092358,,
9/30/1972,9,30,1972,110.55,,10/1/1972,0.931705111,,
10/31/1972,10,31,1972,111.58,,11/1/1972,4.561749417,,
11/30/1972,11,30,1972,116.67,,12/1/1972,1.182823348,,
12/31/1972,12,31,1972,118.05,,1/1/1973,-1.711139348,,
1/31/1973,1,31,1973,116.03,,2/1/1973,-3.749030423,,
2/28/1973,2,28,1973,111.68,,3/1/1973,-0.143266476,,
3/31/1973,3,31,1973,111.52,,4/1/1973,-4.079985653,,
4/30/1973,4,30,1973,106.97,,5/1/1973,-1.88837992,,
5/31/1973,5,31,1973,104.95,,6/1/1973,-0.657455931,,
6/30/1973,6,30,1973,104.26,,7/1/1973,3.798196816,,
7/31/1973,7,31,1973,108.22,,8/1/1973,-3.668453151,,
8/31/1973,8,31,1973,104.25,,9/1/1973,4.009592326,,
9/30/1973,9,30,1973,108.43,,10/1/1973,-0.129115558,,
10/31/1973,10,31,1973,108.29,,11/1/1973,-11.3860929,,
11/30/1973,11,30,1973,95.96,,12/1/1973,1.656940392,,
12/31/1973,12,31,1973,97.55,,1/1/1974,-1.004613019,,
1/31/1974,1,31,1974,96.57,,2/1/1974,-0.362431397,,
2/28/1974,2,28,1974,96.22,,3/1/1974,-2.327998337,,
3/31/1974,3,31,1974,93.98,,4/1/1974,-3.905086189,,
4/30/1974,4,30,1974,90.31,,5/1/1974,-3.355110176,,
5/31/1974,5,31,1974,87.28,,6/1/1974,-1.466544455,,
6/30/1974,6,30,1974,86,,7/1/1974,-7.779069767,,
7/31/1974,7,31,1974,79.31,,8/1/1974,-9.027865339,,
8/31/1974,8,31,1974,72.15,,9/1/1974,-11.93347193,,
9/30/1974,9,30,1974,63.54,,10/1/1974,16.30468996,,
10/31/1974,10,31,1974,73.9,,11/1/1974,-5.317997294,,
11/30/1974,11,30,1974,69.97,,12/1/1974,-2.01514935,,
12/31/1974,12,31,1974,68.56,,1/1/1975,12.28121354,,
1/31/1975,1,31,1975,76.98,,2/1/1975,5.988568459,,
2/28/1975,2,28,1975,81.59,,3/1/1975,2.169383503,,
3/31/1975,3,31,1975,83.36,,4/1/1975,4.726487524,,
4/30/1975,4,30,1975,87.3,,5/1/1975,4.410080183,,
5/31/1975,5,31,1975,91.15,,6/1/1975,4.432254526,,
6/30/1975,6,30,1975,95.19,,7/1/1975,-6.765416535,,
7/31/1975,7,31,1975,88.75,,8/1/1975,-2.107042254,,
8/31/1975,8,31,1975,86.88,,9/1/1975,-3.464548803,,
9/30/1975,9,30,1975,83.87,,10/1/1975,6.164301896,,
10/31/1975,10,31,1975,89.04,,11/1/1975,2.470799641,,
11/30/1975,11,30,1975,91.24,,12/1/1975,-1.150811048,,
12/31/1975,12,31,1975,90.19,,1/1/1976,11.83057989,,
1/31/1976,1,31,1976,100.86,,2/1/1976,-1.140194329,,
2/29/1976,2,29,1976,99.71,,3/1/1976,3.068899809,,
3/31/1976,3,31,1976,102.77,,4/1/1976,-1.099542668,,
4/30/1976,4,30,1976,101.64,,5/1/1976,-1.436442346,,
5/31/1976,5,31,1976,100.18,,6/1/1976,4.09263326,,
6/30/1976,6,30,1976,104.28,,7/1/1976,-0.80552359,,
7/31/1976,7,31,1976,103.44,,8/1/1976,-0.512374323,,
8/31/1976,8,31,1976,102.91,,9/1/1976,2.264114275,,
9/30/1976,9,30,1976,105.24,,10/1/1976,-2.223489168,,
10/31/1976,10,31,1976,102.9,,11/1/1976,-0.777453839,,
11/30/1976,11,30,1976,102.1,,12/1/1976,5.249755142,,
12/31/1976,12,31,1976,107.46,,1/1/1977,-5.053042993,,
1/31/1977,1,31,1977,102.03,,2/1/1977,-2.166029599,,
2/28/1977,2,28,1977,99.82,,3/1/1977,-1.402524544,,
3/31/1977,3,31,1977,98.42,,4/1/1977,0.020321073,,
4/30/1977,4,30,1977,98.44,,5/1/1977,-2.356765542,,
5/31/1977,5,31,1977,96.12,,6/1/1977,4.535996671,,
6/30/1977,6,30,1977,100.48,,7/1/1977,-1.622213376,,
7/31/1977,7,31,1977,98.85,,8/1/1977,-2.10419828,,
8/31/1977,8,31,1977,96.77,,9/1/1977,-0.248010747,,
9/30/1977,9,30,1977,96.53,,10/1/1977,-4.340619497,,
10/31/1977,10,31,1977,92.34,,11/1/1977,2.696556205,,
11/30/1977,11,30,1977,94.83,,12/1/1977,0.284720025,,
12/31/1977,12,31,1977,95.1,,1/1/1978,-6.151419558,,
1/31/1978,1,31,1978,89.25,,2/1/1978,-2.476190476,,
2/28/1978,2,28,1978,87.04,,3/1/1978,2.493106618,,
3/31/1978,3,31,1978,89.21,,4/1/1978,8.541643314,,
4/30/1978,4,30,1978,96.83,,5/1/1978,0.475059382,,
5/31/1978,5,31,1978,97.29,,6/1/1978,-1.809024566,,
6/30/1978,6,30,1978,95.53,,7/1/1978,5.390976657,,
7/31/1978,7,31,1978,100.68,,8/1/1978,2.592371871,,
8/31/1978,8,31,1978,103.29,,9/1/1978,-0.72611095,,
9/30/1978,9,30,1978,102.54,,10/1/1978,-9.157401989,,
10/31/1978,10,31,1978,93.15,,11/1/1978,1.663982823,,
11/30/1978,11,30,1978,94.7,,12/1/1978,1.488912355,,
12/31/1978,12,31,1978,96.11,,1/1/1979,3.974612423,,
1/31/1979,1,31,1979,99.93,,2/1/1979,-3.65255679,,
2/28/1979,2,28,1979,96.28,,3/1/1979,5.515164105,,
3/31/1979,3,31,1979,101.59,,4/1/1979,0.167339305,,
4/30/1979,4,30,1979,101.76,,5/1/1979,-2.633647799,,
5/31/1979,5,31,1979,99.08,,6/1/1979,3.865563181,,
6/30/1979,6,30,1979,102.91,,7/1/1979,0.874550578,,
7/31/1979,7,31,1979,103.81,,8/1/1979,5.307773818,,
8/31/1979,8,31,1979,109.32,,9/1/1979,0,,
9/30/1979,9,30,1979,109.32,,10/1/1979,-6.860592755,,
10/31/1979,10,31,1979,101.82,,11/1/1979,4.262423885,,
11/30/1979,11,30,1979,106.16,,12/1/1979,1.676714393,,
12/31/1979,12,31,1979,107.94,,1/1/1980,6.651843617,,
1/31/1980,1,31,1980,115.12,,2/1/1980,-1.268241835,,
2/29/1980,2,29,1980,113.66,,3/1/1980,-10.17948267,,
3/31/1980,3,31,1980,102.09,,4/1/1980,4.114017044,,
4/30/1980,4,30,1980,106.29,,5/1/1980,4.657070279,,
5/31/1980,5,31,1980,111.24,,6/1/1980,2.696871629,,
6/30/1980,6,30,1980,114.24,,7/1/1980,6.503851541,,
7/31/1980,7,31,1980,121.67,,8/1/1980,0.583545656,,
8/31/1980,8,31,1980,122.38,,9/1/1980,2.516751103,,
9/30/1980,9,30,1980,125.46,,10/1/1980,1.602104256,,
10/31/1980,10,31,1980,127.47,,11/1/1980,10.23770299,,
11/30/1980,11,30,1980,140.52,,12/1/1980,-3.387418161,,
12/31/1980,12,31,1980,135.76,,1/1/1981,-4.574248674,,
1/31/1981,1,31,1981,129.55,,2/1/1981,1.327672713,,
2/28/1981,2,28,1981,131.27,,3/1/1981,3.603260456,,
3/31/1981,3,31,1981,136,,4/1/1981,-2.301470588,,
4/30/1981,4,30,1981,132.87,,5/1/1981,-0.210732295,,
5/31/1981,5,31,1981,132.59,,6/1/1981,-1.040802474,,
6/30/1981,6,30,1981,131.21,,7/1/1981,-0.221019739,,
7/31/1981,7,31,1981,130.92,,8/1/1981,-6.209899175,,
8/31/1981,8,31,1981,122.79,,9/1/1981,-5.383174526,,
9/30/1981,9,30,1981,116.18,,10/1/1981,4.914787399,,
10/31/1981,10,31,1981,121.89,,11/1/1981,3.659036836,,
11/30/1981,11,30,1981,126.35,,12/1/1981,-3.007518797,,
12/31/1981,12,31,1981,122.55,,1/1/1982,-1.754385965,,
1/31/1982,1,31,1982,120.4,,2/1/1982,-6.054817276,,
2/28/1982,2,28,1982,113.11,,3/1/1982,-1.016709398,,
3/31/1982,3,31,1982,111.96,,4/1/1982,4.001429082,,
4/30/1982,4,30,1982,116.44,,5/1/1982,-3.916180007,,
5/31/1982,5,31,1982,111.88,,6/1/1982,-2.0289596,,
6/30/1982,6,30,1982,109.61,,7/1/1982,-2.299060305,,
7/31/1982,7,31,1982,107.09,,8/1/1982,11.59772154,,
8/31/1982,8,31,1982,119.51,,9/1/1982,0.761442557,,
9/30/1982,9,30,1982,120.42,,10/1/1982,11.0363727,,
10/31/1982,10,31,1982,133.71,,11/1/1982,3.612295266,,
11/30/1982,11,30,1982,138.54,,12/1/1982,1.515807709,,
12/31/1982,12,31,1982,140.64,,1/1/1983,3.313424346,,
1/31/1983,1,31,1983,145.3,,2/1/1983,1.899518238,,
2/28/1983,2,28,1983,148.06,,3/1/1983,3.309469134,,
3/31/1983,3,31,1983,152.96,,4/1/1983,7.492154812,,
4/30/1983,4,30,1983,164.42,,5/1/1983,-1.234642987,,
5/31/1983,5,31,1983,162.39,,6/1/1983,3.522384383,,
6/30/1983,6,30,1983,168.11,,7/1/1983,-3.301409791,,
7/31/1983,7,31,1983,162.56,,8/1/1983,1.131889764,,
8/31/1983,8,31,1983,164.4,,9/1/1983,1.015815085,,
9/30/1983,9,30,1983,166.07,,10/1/1983,-1.517432408,,
10/31/1983,10,31,1983,163.55,,11/1/1983,1.742586365,,
11/30/1983,11,30,1983,166.4,,12/1/1983,-0.883413462,,
12/31/1983,12,31,1983,164.93,,1/1/1984,-0.921603104,,
1/31/1984,1,31,1984,163.41,,2/1/1984,-3.885931094,,
2/29/1984,2,29,1984,157.06,,3/1/1984,1.349802623,,
3/31/1984,3,31,1984,159.18,,4/1/1984,0.546551074,,
4/30/1984,4,30,1984,160.05,,5/1/1984,-5.935645111,,
5/31/1984,5,31,1984,150.55,,6/1/1984,1.746927931,,
6/30/1984,6,30,1984,153.18,,7/1/1984,-1.645123384,,
7/31/1984,7,31,1984,150.66,,8/1/1984,10.63321386,,
8/31/1984,8,31,1984,166.68,,9/1/1984,-0.347972162,,
9/30/1984,9,30,1984,166.1,,10/1/1984,-0.00602047,,
10/31/1984,10,31,1984,166.09,,11/1/1984,-1.511228852,,
11/30/1984,11,30,1984,163.58,,12/1/1984,2.23743734,,
12/31/1984,12,31,1984,167.24,,1/1/1985,7.408514709,,
1/31/1985,1,31,1985,179.63,,2/1/1985,0.862884819,,
2/28/1985,2,28,1985,181.18,,3/1/1985,-0.287007396,,
3/31/1985,3,31,1985,180.66,,4/1/1985,-0.459426547,,
4/30/1985,4,30,1985,179.83,,5/1/1985,5.405104821,,
5/31/1985,5,31,1985,189.55,,6/1/1985,1.213400158,,
6/30/1985,6,30,1985,191.85,,7/1/1985,-0.484753714,,
7/31/1985,7,31,1985,190.92,,8/1/1985,-1.199455269,,
8/31/1985,8,31,1985,188.63,,9/1/1985,-3.472406298,,
9/30/1985,9,30,1985,182.08,,10/1/1985,4.250878735,,
10/31/1985,10,31,1985,189.82,,11/1/1985,6.506163734,,
11/30/1985,11,30,1985,202.17,,12/1/1985,4.50610872,,
12/31/1985,12,31,1985,211.28,,1/1/1986,0.236652783,,
1/31/1986,1,31,1986,211.78,,2/1/1986,7.148928133,,
2/28/1986,2,28,1986,226.92,,3/1/1986,5.279393619,,
3/31/1986,3,31,1986,238.9,,4/1/1986,-1.414817915,,
4/30/1986,4,30,1986,235.52,,5/1/1986,5.022927989,,
5/31/1986,5,31,1986,247.35,,6/1/1986,1.410956135,,
6/30/1986,6,30,1986,250.84,,7/1/1986,-5.868282571,,
7/31/1986,7,31,1986,236.12,,8/1/1986,7.119261393,,
8/31/1986,8,31,1986,252.93,,9/1/1986,-8.543865892,,
9/30/1986,9,30,1986,231.32,,10/1/1986,5.472937921,,
10/31/1986,10,31,1986,243.98,,11/1/1986,2.147717026,,
11/30/1986,11,30,1986,249.22,,12/1/1986,-2.828825937,,
12/31/1986,12,31,1986,242.17,,1/1/1987,13.17669406,,
1/31/1987,1,31,1987,274.08,,2/1/1987,3.692352598,,
2/28/1987,2,28,1987,284.2,,3/1/1987,2.638986629,,
3/31/1987,3,31,1987,291.7,,4/1/1987,-1.145011999,,
4/30/1987,4,30,1987,288.36,,5/1/1987,0.603412401,,
5/31/1987,5,31,1987,290.1,,6/1/1987,4.791451224,,
6/30/1987,6,30,1987,304,,7/1/1987,4.822368421,,
7/31/1987,7,31,1987,318.66,,8/1/1987,3.495889035,,
8/31/1987,8,31,1987,329.8,,9/1/1987,-2.416616131,,
9/30/1987,9,30,1987,321.83,,10/1/1987,-21.7630426,,
10/31/1987,10,31,1987,251.79,,11/1/1987,-8.534890186,,
11/30/1987,11,30,1987,230.3,,12/1/1987,7.286148502,,
12/31/1987,12,31,1987,247.08,,1/1/1988,4.043224866,,
1/31/1988,1,31,1988,257.07,,2/1/1988,4.181740382,,
2/29/1988,2,29,1988,267.82,,3/1/1988,-3.334329027,,
3/31/1988,3,31,1988,258.89,,4/1/1988,0.942485225,,
4/30/1988,4,30,1988,261.33,,5/1/1988,0.317606092,,
5/31/1988,5,31,1988,262.16,,6/1/1988,4.325602685,,
6/30/1988,6,30,1988,273.5,,7/1/1988,-0.541133455,,
7/31/1988,7,31,1988,272.02,,8/1/1988,-3.860010293,,
8/31/1988,8,31,1988,261.52,,9/1/1988,3.972927501,,
9/30/1988,9,30,1988,271.91,,10/1/1988,2.596447354,,
10/31/1988,10,31,1988,278.97,,11/1/1988,-1.889092017,,
11/30/1988,11,30,1988,273.7,,12/1/1988,1.468761418,,
12/31/1988,12,31,1988,277.72,,1/1/1989,7.111479188,,
1/31/1989,1,31,1989,297.47,,2/1/1989,-2.89440952,,
2/28/1989,2,28,1989,288.86,,3/1/1989,2.080592675,,
3/31/1989,3,31,1989,294.87,,4/1/1989,5.008987011,,
4/30/1989,4,30,1989,309.64,,5/1/1989,3.513757912,,
5/31/1989,5,31,1989,320.52,,6/1/1989,-0.792462249,,
6/30/1989,6,30,1989,317.98,,7/1/1989,8.837033776,,
7/31/1989,7,31,1989,346.08,,8/1/1989,1.551664355,,
8/31/1989,8,31,1989,351.45,,9/1/1989,-0.65443164,,
9/30/1989,9,30,1989,349.15,,10/1/1989,-2.517542603,,
10/31/1989,10,31,1989,340.36,,11/1/1989,1.65413092,,
11/30/1989,11,30,1989,345.99,,12/1/1989,2.141680395,,
12/31/1989,12,31,1989,353.4,,1/1/1990,-6.88172043,,
1/31/1990,1,31,1990,329.08,,2/1/1990,0.853895709,,
2/28/1990,2,28,1990,331.89,,3/1/1990,2.425502426,,
3/31/1990,3,31,1990,339.94,,4/1/1990,-2.688709772,,
4/30/1990,4,30,1990,330.8,,5/1/1990,9.198911729,,
5/31/1990,5,31,1990,361.23,,6/1/1990,-0.888630512,,
6/30/1990,6,30,1990,358.02,,7/1/1990,-0.522317189,,
7/31/1990,7,31,1990,356.15,,8/1/1990,-9.431419346,,
8/31/1990,8,31,1990,322.56,,9/1/1990,-5.118427579,,
9/30/1990,9,30,1990,306.05,,10/1/1990,-0.669825192,,
10/31/1990,10,31,1990,304,,11/1/1990,5.993421053,,
11/30/1990,11,30,1990,322.22,,12/1/1990,2.482775743,,
12/31/1990,12,31,1990,330.22,,1/1/1991,4.151777603,,
1/31/1991,1,31,1991,343.93,,2/1/1991,6.728113279,,
2/28/1991,2,28,1991,367.07,,3/1/1991,2.220284959,,
3/31/1991,3,31,1991,375.22,,4/1/1991,0.034646341,,
4/30/1991,4,30,1991,375.35,,5/1/1991,3.857732783,,
5/31/1991,5,31,1991,389.83,,6/1/1991,-4.789267116,,
6/30/1991,6,30,1991,371.16,,7/1/1991,4.485935984,,
7/31/1991,7,31,1991,387.81,,8/1/1991,1.964879709,,
8/31/1991,8,31,1991,395.43,,9/1/1991,-1.914371697,,
9/30/1991,9,30,1991,387.86,,10/1/1991,1.185994947,,
10/31/1991,10,31,1991,392.46,,11/1/1991,-4.392804362,,
11/30/1991,11,30,1991,375.22,,12/1/1991,11.15878685,,
12/31/1991,12,31,1991,417.09,,1/1/1992,-1.989978182,,
1/31/1992,1,31,1992,408.79,,2/1/1992,0.956481323,,
2/29/1992,2,29,1992,412.7,,3/1/1992,-2.183183911,,
3/31/1992,3,31,1992,403.69,,4/1/1992,2.789268994,,
4/30/1992,4,30,1992,414.95,,5/1/1992,0.096397156,,
5/31/1992,5,31,1992,415.35,,6/1/1992,-1.735885398,,
6/30/1992,6,30,1992,408.14,,7/1/1992,3.93737443,,
7/31/1992,7,31,1992,424.21,,8/1/1992,-2.399754838,,
8/31/1992,8,31,1992,414.03,,9/1/1992,0.910562037,,
9/30/1992,9,30,1992,417.8,,10/1/1992,0.210627094,,
10/31/1992,10,31,1992,418.68,,11/1/1992,3.02617751,,
11/30/1992,11,30,1992,431.35,,12/1/1992,1.010780109,,
12/31/1992,12,31,1992,435.71,,1/1/1993,0.704597094,,
1/31/1993,1,31,1993,438.78,,2/1/1993,1.048361366,,
2/28/1993,2,28,1993,443.38,,3/1/1993,1.869727999,,
3/31/1993,3,31,1993,451.67,,4/1/1993,-2.541678659,,
4/30/1993,4,30,1993,440.19,,5/1/1993,2.271746291,,
5/31/1993,5,31,1993,450.19,,6/1/1993,0.075523668,,
6/30/1993,6,30,1993,450.53,,7/1/1993,-0.532705924,,
7/31/1993,7,31,1993,448.13,,8/1/1993,3.443197287,,
8/31/1993,8,31,1993,463.56,,9/1/1993,-0.998791958,,
9/30/1993,9,30,1993,458.93,,10/1/1993,1.939293574,,
10/31/1993,10,31,1993,467.83,,11/1/1993,-1.291067268,,
11/30/1993,11,30,1993,461.79,,12/1/1993,1.009116698,,
12/31/1993,12,31,1993,466.45,,1/1/1994,3.250080394,,
1/31/1994,1,31,1994,481.61,,2/1/1994,-3.00450572,,
2/28/1994,2,28,1994,467.14,,3/1/1994,-4.574645716,,
3/31/1994,3,31,1994,445.77,,4/1/1994,1.153060996,,
4/30/1994,4,30,1994,450.91,,5/1/1994,1.239715243,,
5/31/1994,5,31,1994,456.5,,6/1/1994,-2.679079956,,
6/30/1994,6,30,1994,444.27,,7/1/1994,3.148985977,,
7/31/1994,7,31,1994,458.26,,8/1/1994,3.759874307,,
8/31/1994,8,31,1994,475.49,,9/1/1994,-2.691959873,,
9/30/1994,9,30,1994,462.69,,10/1/1994,2.087790962,,
10/31/1994,10,31,1994,472.35,,11/1/1994,-3.950460464,,
11/30/1994,11,30,1994,453.69,,12/1/1994,1.229914699,,
12/31/1994,12,31,1994,459.27,,1/1/1995,2.427765802,,
1/31/1995,1,31,1995,470.42,,2/1/1995,3.607414651,,
2/28/1995,2,28,1995,487.39,,3/1/1995,2.732924352,,
3/31/1995,3,31,1995,500.71,,4/1/1995,2.796029638,,
4/30/1995,4,30,1995,514.71,,5/1/1995,3.631170951,,
5/31/1995,5,31,1995,533.4,,6/1/1995,2.127859018,,
6/30/1995,6,30,1995,544.75,,7/1/1995,3.177604406,,
7/31/1995,7,31,1995,562.06,,8/1/1995,-0.032025051,,
8/31/1995,8,31,1995,561.88,,9/1/1995,4.009752972,,
9/30/1995,9,30,1995,584.41,,10/1/1995,-0.497938091,,
10/31/1995,10,31,1995,581.5,,11/1/1995,4.104901118,,
11/30/1995,11,30,1995,605.37,,12/1/1995,1.74438773,,
12/31/1995,12,31,1995,615.93,,1/1/1996,3.261734288,,
1/31/1996,1,31,1996,636.02,,2/1/1996,0.693374422,,
2/29/1996,2,29,1996,640.43,,3/1/1996,0.791655606,,
3/31/1996,3,31,1996,645.5,,4/1/1996,1.343144849,,
4/30/1996,4,30,1996,654.17,,5/1/1996,2.285338673,,
5/31/1996,5,31,1996,669.12,,6/1/1996,0.225669536,,
6/30/1996,6,30,1996,670.63,,7/1/1996,-4.574802797,,
7/31/1996,7,31,1996,639.95,,8/1/1996,1.881396984,,
8/31/1996,8,31,1996,651.99,,9/1/1996,5.417261001,,
9/30/1996,9,30,1996,687.31,,10/1/1996,2.613085798,,
10/31/1996,10,31,1996,705.27,,11/1/1996,7.337615381,,
11/30/1996,11,30,1996,757.02,,12/1/1996,-2.150537634,,
12/31/1996,12,31,1996,740.74,,1/1/1997,6.131706132,,
1/31/1997,1,31,1997,786.16,,2/1/1997,0.592754656,,
2/28/1997,2,28,1997,790.82,,3/1/1997,-4.26139956,,
3/31/1997,3,31,1997,757.12,,4/1/1997,5.840553677,,
4/30/1997,4,30,1997,801.34,,5/1/1997,5.857688372,,
5/31/1997,5,31,1997,848.28,,6/1/1997,4.345263356,,
6/30/1997,6,30,1997,885.14,,7/1/1997,7.812323474,,
7/31/1997,7,31,1997,954.29,,8/1/1997,-5.744584979,,
8/31/1997,8,31,1997,899.47,,9/1/1997,5.315352374,,
9/30/1997,9,30,1997,947.28,,10/1/1997,-3.447766236,,
10/31/1997,10,31,1997,914.62,,11/1/1997,4.458682294,,
11/30/1997,11,30,1997,955.4,,12/1/1997,1.573163073,,
12/31/1997,12,31,1997,970.43,,1/1/1998,1.015013963,,
1/31/1998,1,31,1998,980.28,,2/1/1998,7.04492594,,
2/28/1998,2,28,1998,1049.34,,3/1/1998,4.994568014,,
3/31/1998,3,31,1998,1101.75,,4/1/1998,0.907646925,,
4/30/1998,4,30,1998,1111.75,,5/1/1998,-1.882617495,,
5/31/1998,5,31,1998,1090.82,,6/1/1998,3.943822079,,
6/30/1998,6,30,1998,1133.84,,7/1/1998,-1.161539547,,
7/31/1998,7,31,1998,1120.67,,8/1/1998,-14.57967109,,
8/31/1998,8,31,1998,957.28,,9/1/1998,6.239553736,,
9/30/1998,9,30,1998,1017.01,,10/1/1998,8.029419573,,
10/31/1998,10,31,1998,1098.67,,11/1/1998,5.91260342,,
11/30/1998,11,30,1998,1163.63,,12/1/1998,5.63753083,,
12/31/1998,12,31,1998,1229.23,,1/1/1999,4.10094124,,
1/31/1999,1,31,1999,1279.64,,2/1/1999,-3.228251696,,
2/28/1999,2,28,1999,1238.33,,3/1/1999,3.879418249,,
3/31/1999,3,31,1999,1286.37,,4/1/1999,3.79439819,,
4/30/1999,4,30,1999,1335.18,,5/1/1999,-2.497041597,,
5/31/1999,5,31,1999,1301.84,,6/1/1999,5.443833344,,
6/30/1999,6,30,1999,1372.71,,7/1/1999,-3.204609859,,
7/31/1999,7,31,1999,1328.72,,8/1/1999,-0.625413932,,
8/31/1999,8,31,1999,1320.41,,9/1/1999,-2.855173772,,
9/30/1999,9,30,1999,1282.71,,10/1/1999,6.253946722,,
10/31/1999,10,31,1999,1362.93,,11/1/1999,1.906187405,,
11/30/1999,11,30,1999,1388.91,,12/1/1999,5.784392077,,
12/31/1999,12,31,1999,1469.25,,1/1/2000,-5.090352221,,
1/31/2000,1,31,2000,1394.46,,2/1/2000,-2.010814222,,
2/29/2000,2,29,2000,1366.42,,3/1/2000,9.671989579,,
3/31/2000,3,31,2000,1498.58,,4/1/2000,-3.079582004,,
4/30/2000,4,30,2000,1452.43,,5/1/2000,-2.191499762,,
5/31/2000,5,31,2000,1420.6,,6/1/2000,2.39335492,,
6/30/2000,6,30,2000,1454.6,,7/1/2000,-1.63412622,,
7/31/2000,7,31,2000,1430.83,,8/1/2000,6.069903483,,
8/31/2000,8,31,2000,1517.68,,9/1/2000,-5.348294766,,
9/30/2000,9,30,2000,1436.51,,10/1/2000,-0.494949565,,
10/31/2000,10,31,2000,1429.4,,11/1/2000,-8.006856024,,
11/30/2000,11,30,2000,1314.95,,12/1/2000,0.405338606,,
12/31/2000,12,31,2000,1320.28,,1/1/2001,3.463659224,,
1/31/2001,1,31,2001,1366.01,,2/1/2001,-9.229068601,,
2/28/2001,2,28,2001,1239.94,,3/1/2001,-6.420471958,,
3/31/2001,3,31,2001,1160.33,,4/1/2001,7.681435454,,
4/30/2001,4,30,2001,1249.46,,5/1/2001,0.509019897,,
5/31/2001,5,31,2001,1255.82,,6/1/2001,-2.500358332,,
6/30/2001,6,30,2001,1224.42,,7/1/2001,-1.077244736,,
7/31/2001,7,31,2001,1211.23,,8/1/2001,-6.410838569,,
8/31/2001,8,31,2001,1133.58,,9/1/2001,-8.172338962,,
9/30/2001,9,30,2001,1040.94,,10/1/2001,1.809902588,,
10/31/2001,10,31,2001,1059.78,,11/1/2001,7.517597992,,
11/30/2001,11,30,2001,1139.45,,12/1/2001,0.757382948,,
12/31/2001,12,31,2001,1148.08,,1/1/2002,-1.557382761,,
1/31/2002,1,31,2002,1130.2,,2/1/2002,-2.076623606,,
2/28/2002,2,28,2002,1106.73,,3/1/2002,3.673886133,,
3/31/2002,3,31,2002,1147.39,,4/1/2002,-6.141765224,,
4/30/2002,4,30,2002,1076.92,,5/1/2002,-0.908145452,,
5/31/2002,5,31,2002,1067.14,,6/1/2002,-7.246471878,,
6/30/2002,6,30,2002,989.81,,7/1/2002,-7.899495863,,
7/31/2002,7,31,2002,911.62,,8/1/2002,0.488141989,,
8/31/2002,8,31,2002,916.07,,9/1/2002,-11.00243431,,
9/30/2002,9,30,2002,815.28,,10/1/2002,8.64488274,,
10/31/2002,10,31,2002,885.76,,11/1/2002,5.706963512,,
11/30/2002,11,30,2002,936.31,,12/1/2002,-6.033258216,,
12/31/2002,12,31,2002,879.82,,1/1/2003,-2.741469846,,
1/31/2003,1,31,2003,855.7,,2/1/2003,-1.700362276,,
2/28/2003,2,28,2003,841.15,,3/1/2003,0.835760566,,
3/31/2003,3,31,2003,848.18,,4/1/2003,8.104411799,,
4/30/2003,4,30,2003,916.92,,5/1/2003,5.089866073,,
5/31/2003,5,31,2003,963.59,,6/1/2003,1.132224286,,
6/30/2003,6,30,2003,974.5,,7/1/2003,1.622370446,,
7/31/2003,7,31,2003,990.31,,8/1/2003,1.787319122,,
8/31/2003,8,31,2003,1008.01,,9/1/2003,-1.194432595,,
9/30/2003,9,30,2003,995.97,,10/1/2003,5.496149482,,
10/31/2003,10,31,2003,1050.71,,11/1/2003,0.71285131,,
11/30/2003,11,30,2003,1058.2,,12/1/2003,5.076545077,,
12/31/2003,12,31,2003,1111.92,,1/1/2004,1.727642276,,
1/31/2004,1,31,2004,1131.13,,2/1/2004,1.220902991,,
2/29/2004,2,29,2004,1144.94,,3/1/2004,-1.635893584,,
3/31/2004,3,31,2004,1126.21,,4/1/2004,-1.679082942,,
4/30/2004,4,30,2004,1107.3,,5/1/2004,1.208344622,,
5/31/2004,5,31,2004,1120.68,,6/1/2004,1.798907806,,
6/30/2004,6,30,2004,1140.84,,7/1/2004,-3.429052277,,
7/31/2004,7,31,2004,1101.72,,8/1/2004,0.228733253,,
8/31/2004,8,31,2004,1104.24,,9/1/2004,0.93639064,,
9/30/2004,9,30,2004,1114.58,,10/1/2004,1.401424752,,
10/31/2004,10,31,2004,1130.2,,11/1/2004,3.859493895,,
11/30/2004,11,30,2004,1173.82,,12/1/2004,3.245812816,,
12/31/2004,12,31,2004,1211.92,,1/1/2005,-2.529044821,,
1/31/2005,1,31,2005,1181.27,,2/1/2005,1.890338365,,
2/28/2005,2,28,2005,1203.6,,3/1/2005,-1.911764706,,
3/31/2005,3,31,2005,1180.59,,4/1/2005,-2.010858977,,
4/30/2005,4,30,2005,1156.85,,5/1/2005,2.99520249,,
5/31/2005,5,31,2005,1191.5,,6/1/2005,-0.01426773,,
6/30/2005,6,30,2005,1191.33,,7/1/2005,3.59682036,,
7/31/2005,7,31,2005,1234.18,,8/1/2005,-1.122202596,,
8/31/2005,8,31,2005,1220.33,,9/1/2005,0.694894004,,
9/30/2005,9,30,2005,1228.81,,10/1/2005,-1.774074104,,
10/31/2005,10,31,2005,1207.01,,11/1/2005,3.518612108,,
11/30/2005,11,30,2005,1249.48,,12/1/2005,-0.09523962,,
12/31/2005,12,31,2005,1248.29,,1/1/2006,2.546683864,,
1/31/2006,1,31,2006,1280.08,,2/1/2006,0.045309668,,
2/28/2006,2,28,2006,1280.66,,3/1/2006,1.106460731,,
3/31/2006,3,31,2006,1294.83,,4/1/2006,1.218692801,,
4/30/2006,4,30,2006,1310.61,,5/1/2006,-3.091690129,,
5/31/2006,5,31,2006,1270.09,,6/1/2006,0.008660804,,
6/30/2006,6,30,2006,1270.2,,7/1/2006,0.508581326,,
7/31/2006,7,31,2006,1276.66,,8/1/2006,2.127426253,,
8/31/2006,8,31,2006,1303.82,,9/1/2006,2.456627449,,
9/30/2006,9,30,2006,1335.85,,10/1/2006,3.15080286,,
10/31/2006,10,31,2006,1377.94,,11/1/2006,1.646660958,,
11/30/2006,11,30,2006,1400.63,,12/1/2006,1.261575148,,
12/31/2006,12,31,2006,1418.3,,1/1/2007,1.405908482,,
1/31/2007,1,31,2007,1438.24,,2/1/2007,-2.184614529,,
2/28/2007,2,28,2007,1406.82,,3/1/2007,0.997995479,,
3/31/2007,3,31,2007,1420.86,,4/1/2007,4.329068311,,
4/30/2007,4,30,2007,1482.37,,5/1/2007,3.25492286,,
5/31/2007,5,31,2007,1530.62,,6/1/2007,-1.781630973,,
6/30/2007,6,30,2007,1503.35,,7/1/2007,-3.198190707,,
7/31/2007,7,31,2007,1455.27,,8/1/2007,1.286359232,,
8/31/2007,8,31,2007,1473.99,,9/1/2007,3.579400132,,
9/30/2007,9,30,2007,1526.75,,10/1/2007,1.482233503,,
10/31/2007,10,31,2007,1549.38,,11/1/2007,-4.404342382,,
11/30/2007,11,30,2007,1481.14,,12/1/2007,-0.862848887,,
12/31/2007,12,31,2007,1468.36,,1/1/2008,-6.11634749,,
1/31/2008,1,31,2008,1378.55,,2/1/2008,-3.476116209,,
2/29/2008,2,29,2008,1330.63,,3/1/2008,-0.595958305,,
3/31/2008,3,31,2008,1322.7,,4/1/2008,4.754668481,,
4/30/2008,4,30,2008,1385.59,,5/1/2008,1.067415325,,
5/31/2008,5,31,2008,1400.38,,6/1/2008,-8.596238164,,
6/30/2008,6,30,2008,1280,,7/1/2008,-0.9859375,,
7/31/2008,7,31,2008,1267.38,,8/1/2008,1.219050324,,
8/31/2008,8,31,2008,1282.83,,9/1/2008,-9.079145327,,
9/30/2008,9,30,2008,1166.36,,10/1/2008,-16.94245344,,
10/31/2008,10,31,2008,968.75,,11/1/2008,-7.484903226,,
11/30/2008,11,30,2008,896.24,,12/1/2008,0.782156565,,
12/31/2008,12,31,2008,903.25,,1/1/2009,-8.565734846,,
1/31/2009,1,31,2009,825.88,,2/1/2009,-10.99312249,,
2/28/2009,2,28,2009,735.09,,3/1/2009,8.540450829,,
3/31/2009,3,31,2009,797.87,,4/1/2009,9.392507551,,
4/30/2009,4,30,2009,872.81,,5/1/2009,5.308142666,,
5/31/2009,5,31,2009,919.14,,6/1/2009,0.019583524,,
6/30/2009,6,30,2009,919.32,,7/1/2009,7.414175695,,
7/31/2009,7,31,2009,987.48,,8/1/2009,3.356017337,,
8/31/2009,8,31,2009,1020.62,,9/1/2009,3.572338383,,
9/30/2009,9,30,2009,1057.08,,10/1/2009,-1.976198585,,
10/31/2009,10,31,2009,1036.19,,11/1/2009,5.736399695,,
11/30/2009,11,30,2009,1095.63,,12/1/2009,1.777059774,,
12/31/2009,12,31,2009,1115.1,,1/1/2010,-3.69742624,,
1/31/2010,1,31,2010,1073.87,,2/1/2010,2.851369346,,
2/28/2010,2,28,2010,1104.49,,3/1/2010,5.879636755,,
3/31/2010,3,31,2010,1169.43,,4/1/2010,1.475932719,,
4/30/2010,4,30,2010,1186.69,,5/1/2010,-8.19759162,,
5/31/2010,5,31,2010,1089.41,,6/1/2010,-5.38823767,,
6/30/2010,6,30,2010,1030.71,,7/1/2010,6.877783276,,
7/31/2010,7,31,2010,1101.6,,8/1/2010,-4.744916485,,
8/31/2010,8,31,2010,1049.33,,9/1/2010,8.755110404,,
9/30/2010,9,30,2010,1141.2,,10/1/2010,3.685594111,,
10/31/2010,10,31,2010,1183.26,,11/1/2010,-0.229028278,,
11/30/2010,11,30,2010,1180.55,,12/1/2010,6.5300072,,
12/31/2010,12,31,2010,1257.64,,1/1/2011,2.264559015,,
1/31/2011,1,31,2011,1286.12,,2/1/2011,3.195658259,,
2/28/2011,2,28,2011,1327.22,,3/1/2011,-0.104730188,,
3/31/2011,3,31,2011,1325.83,,4/1/2011,2.849535763,,
4/30/2011,4,30,2011,1363.61,,5/1/2011,-1.350092768,,
5/31/2011,5,31,2011,1345.2,,6/1/2011,-1.825750818,,
6/30/2011,6,30,2011,1320.64,,7/1/2011,-2.147443664,,
7/31/2011,7,31,2011,1292.28,,8/1/2011,-5.67910979,,
8/31/2011,8,31,2011,1218.89,,9/1/2011,-7.176201298,,
9/30/2011,9,30,2011,1131.42,,10/1/2011,10.77230383,,
10/31/2011,10,31,2011,1253.3,,11/1/2011,-0.505864518,,
11/30/2011,11,30,2011,1246.96,,12/1/2011,0.853275165,,
12/31/2011,12,31,2011,1257.6,,1/1/2012,4.358301527,,
1/31/2012,1,31,2012,1312.41,,2/1/2012,4.058944994,,
2/29/2012,2,29,2012,1365.68,,3/1/2012,3.133237655,,
3/31/2012,3,31,2012,1408.47,,4/1/2012,-0.749749728,,
4/30/2012,4,30,2012,1397.91,,5/1/2012,-6.265067136,,
5/31/2012,5,31,2012,1310.33,,6/1/2012,3.955492128,,
6/30/2012,6,30,2012,1362.16,,7/1/2012,1.259763904,,
7/31/2012,7,31,2012,1379.32,,8/1/2012,1.976336166,,
8/31/2012,8,31,2012,1406.58,,9/1/2012,2.423609038,,
9/30/2012,9,30,2012,1440.67,,10/1/2012,-1.978940354,,
10/31/2012,10,31,2012,1412.16,,11/1/2012,0.284670292,,
11/30/2012,11,30,2012,1416.18,,12/1/2012,0.706831053,,
12/31/2012,12,31,2012,1426.19,,1/1/2013,5.042806358,,
1/31/2013,1,31,2013,1498.11,,2/1/2013,1.106060303,,
2/28/2013,2,28,2013,1514.68,,3/1/2013,3.59877994,,
3/31/2013,3,31,2013,1569.19,,4/1/2013,1.808576399,,
4/30/2013,4,30,2013,1597.57,,5/1/2013,2.076278348,,
5/31/2013,5,31,2013,1630.74,,6/1/2013,-1.499932546,,
6/30/2013,6,30,2013,1606.28,,7/1/2013,4.946211121,,
7/31/2013,7,31,2013,1685.73,,8/1/2013,-3.129801332,,
8/31/2013,8,31,2013,1632.97,,9/1/2013,2.974947488,,
9/30/2013,9,30,2013,1681.55,,10/1/2013,4.459575986,,
10/31/2013,10,31,2013,1756.54,,11/1/2013,2.804946087,,
11/30/2013,11,30,2013,1805.81,,12/1/2013,2.35628333,,
12/31/2013,12,31,2013,1848.36,,1/1/2014,-3.558289511,,
1/31/2014,1,31,2014,1782.59,,2/1/2014,4.311703757,,
2/28/2014,2,28,2014,1859.45,,3/1/2014,0.693215736,,
3/31/2014,3,31,2014,1872.34,,4/1/2014,0.620079686,,
4/30/2014,4,30,2014,1883.95,,5/1/2014,2.103028212,,
5/31/2014,5,31,2014,1923.57,,6/1/2014,1.905831345,,
6/30/2014,6,30,2014,1960.23,,7/1/2014,-1.507986308,,
7/31/2014,7,31,2014,1930.67,,8/1/2014,3.765532173,,
8/31/2014,8,31,2014,2003.37,,9/1/2014,-1.551385915,,
9/30/2014,9,30,2014,1972.29,,10/1/2014,2.320145618,,
10/31/2014,10,31,2014,2018.05,,11/1/2014,2.45335844,,
11/30/2014,11,30,2014,2067.56,,12/1/2014,-0.418851206,,
12/31/2014,12,31,2014,2058.9,,1/1/2015,-3.104084705,,
1/31/2015,1,31,2015,1994.99,,2/1/2015,5.489250573,,
2/28/2015,2,28,2015,2104.5,,3/1/2015,-1.739605607,,
3/31/2015,3,31,2015,2067.89,,4/1/2015,0.852076271,,
4/30/2015,4,30,2015,2085.51,,5/1/2015,1.049143855,,
5/31/2015,5,31,2015,2107.39,,6/1/2015,-2.101177286,,
6/30/2015,6,30,2015,2063.11,,7/1/2015,1.974203993,,
7/31/2015,7,31,2015,2103.84,,8/1/2015,-6.258080462,,
8/31/2015,8,31,2015,1972.18,,9/1/2015,-2.644281962,,
9/30/2015,9,30,2015,1920.03,,10/1/2015,8.298307839,,
10/31/2015,10,31,2015,2079.36,,11/1/2015,0.050496307,,
11/30/2015,11,30,2015,2080.41,,12/1/2015,-1.753019837,,
12/31/2015,12,31,2015,2043.94,,1/1/2016,-5.073534448,,
1/31/2016,1,31,2016,1940.24,,2/1/2016,-0.412835526,,
2/29/2016,2,29,2016,1932.23,,3/1/2016,6.599110872,,
3/31/2016,3,31,2016,2059.74,,4/1/2016,0.269936982,,
4/30/2016,4,30,2016,2065.3,,5/1/2016,1.532949208,,
5/31/2016,5,31,2016,2096.96,,6/1/2016,0.090607355,,
6/30/2016,6,30,2016,2098.86,,7/1/2016,3.560980723,,
7/31/2016,7,31,2016,2173.6,,8/1/2016,-0.121917556,,
8/31/2016,8,31,2016,2170.95,,9/1/2016,-0.12344826,,
9/30/2016,9,30,2016,2168.27,,10/1/2016,-1.942562504,,
10/31/2016,10,31,2016,2126.15,,11/1/2016,3.417444677,,
11/30/2016,11,30,2016,2198.81,,12/1/2016,1.820075404,,
12/31/2016,12,31,2016,2238.83,,1/1/2017,1.788434137,,
1/31/2017,1,31,2017,2278.87,,2/1/2017,3.719826054,,
2/28/2017,2,28,2017,2363.64,,3/1/2017,-0.038923017,,
3/31/2017,3,31,2017,2362.72,,4/1/2017,0.90912169,,
4/30/2017,4,30,2017,2384.2,,5/1/2017,1.157621005,,
5/31/2017,5,31,2017,2411.8,,6/1/2017,0.481383199,,
6/30/2017,6,30,2017,2423.41,,7/1/2017,1.934876888,,
7/31/2017,7,31,2017,2470.3,,8/1/2017,0.054649233,,
8/31/2017,8,31,2017,2471.65,,9/1/2017,1.930289483,,
9/30/2017,9,30,2017,2519.36,,10/1/2017,2.218817477,,
10/31/2017,10,31,2017,2575.26,,11/1/2017,2.808260137,,
11/30/2017,11,30,2017,2647.58,,12/1/2017,0.983161982,,
12/31/2017,12,31,2017,2673.61,,1/1/2018,5.617872465,,
1/31/2018,1,31,2018,2823.81,,2/1/2018,-3.89473796,,
2/28/2018,2,28,2018,2713.83,,3/1/2018,-2.688451377,,
3/31/2018,3,31,2018,2640.87,,4/1/2018,0.2718801,,
4/30/2018,4,30,2018,2648.05,,5/1/2018,2.160835332,,
5/31/2018,5,31,2018,2705.27,,6/1/2018,0.48424002,,
6/30/2018,6,30,2018,2718.37,,7/1/2018,3.602158647,,
7/31/2018,7,31,2018,2816.29,,8/1/2018,3.026321863,,
8/31/2018,8,31,2018,2901.52,,9/1/2018,0.429430092,,
9/30/2018,9,30,2018,2913.98,,10/1/2018,-6.940335898,,
10/31/2018,10,31,2018,2711.74,,11/1/2018,1.78593818,,
11/30/2018,11,30,2018,2760.17,,12/1/2018,-9.177695577,,
12/31/2018,12,31,2018,2506.85,,1/1/2019,7.868440473,,
1/31/2019,1,31,2019,2704.1,,2/1/2019,2.972893014,,
2/28/2019,2,28,2019,2784.49,,3/1/2019,1.792428775,,
3/31/2019,3,31,2019,2834.4,,4/1/2019,3.931343494,,
4/30/2019,4,30,2019,2945.83,,5/1/2019,-6.577772648,,
5/31/2019,5,31,2019,2752.06,,6/1/2019,6.893018321,,
6/30/2019,6,30,2019,2941.76,,7/1/2019,1.312819537,,
7/31/2019,7,31,2019,2980.38,,8/1/2019,-1.809165274,,
8/31/2019,8,31,2019,2926.46,,9/1/2019,1.718116769,,
9/30/2019,9,30,2019,2976.74,,10/1/2019,2.043174748,,
10/31/2019,10,31,2019,3037.56,,11/1/2019,3.404706409,,
11/30/2019,11,30,2019,3140.98,,12/1/2019,2.858980318,,
12/31/2019,12,31,2019,3230.78,,1/1/2020,-0.162808981,,
1/31/2020,1,31,2020,3225.52,,2/1/2020,-8.411046901,,
2/29/2020,2,29,2020,2954.22,,3/1/2020,-12.51193208,,
3/31/2020,3,31,2020,2584.59,,4/1/2020,12.68441029,,
4/30/2020,4,30,2020,2912.43,,5/1/2020,4.528177501,,
5/31/2020,5,31,2020,3044.31,,6/1/2020,1.838840328,,
6/30/2020,6,30,2020,3100.29,,7/1/2020,5.510129698,,
7/31/2020,7,31,2020,3271.12,,8/1/2020,7.006468732,,
8/31/2020,8,31,2020,3500.31,,9/1/2020,-3.92279541,,
9/30/2020,9,30,2020,3363,,10/1/2020,-2.766577461,,
10/31/2020,10,31,2020,3269.96,,11/1/2020,10.75456581,,
11/30/2020,11,30,2020,3621.63,,12/1/2020,3.712140666,,
12/31/2020,12,31,2020,3756.07,,1/1/2021,-1.113664016,,
1/31/2021,1,31,2021,3714.24,,2/1/2021,2.609147497,,
2/28/2021,2,28,2021,3811.15,,3/1/2021,4.243863401,,
3/31/2021,3,31,2021,3972.89,,4/1/2021,5.242531256,,
4/30/2021,4,30,2021,4181.17,,5/1/2021,0.548650258,,
5/31/2021,5,31,2021,4204.11,,6/1/2021,2.221397632,,
6/30/2021,6,30,2021,4297.5,,7/1/2021,2.274810937,,
7/31/2021,7,31,2021,4395.26,,8/1/2021,2.899032139,,
8/31/2021,8,31,2021,4522.68,,9/1/2021,-4.756914042,,
9/30/2021,9,30,2021,4307.54,,10/1/2021,6.91438733,,
10/31/2021,10,31,2021,4605.38,,11/1/2021,-0.833373142,,
11/30/2021,11,30,2021,4567,,12/1/2021,4.361287497,,
12/31/2021,12,31,2021,4766.18,,1/1/2022,-5.258508911,,
1/31/2022,1,31,2022,4515.55,,2/1/2022,-3.136052087,,
2/28/2022,2,28,2022,4373.94,,3/1/2022,3.577323877,,
3/31/2022,3,31,2022,4530.41,,4/1/2022,-8.795671915,,
4/30/2022,4,30,2022,4131.93,,5/1/2022,0.005324388,,
5/31/2022,5,31,2022,4132.15,,6/1/2022,0.690439602,,
6/7/2022,6,7,2022,4160.68,,7/1/2022,-100,,
