Date,Month,Day,Year,SP500Return,RiskFreeRate,ExcessReturn,EPRatio,logEP,TB10YRS,TB3MS,YieldSpread
1/1/1962,1,1,1962,-3.787561146,2.72,-6.507561146,4.71,0.673020907,4.083181818,2.72,1.363181818
2/1/1962,2,1,1962,1.626961069,2.73,-1.103038931,4.71,0.673020907,4.039444444,2.73,1.309444444
3/1/1962,3,1,1962,-0.586049171,2.72,-3.306049171,4.79,0.680335513,3.930454545,2.72,1.210454545
4/1/1962,4,1,1962,-6.19698059,2.73,-8.92698059,5,0.698970004,3.843,2.73,1.113
5/1/1962,5,1,1962,-8.599019007,2.69,-11.28901901,5.46,0.737192643,3.873636364,2.69,1.183636364
6/1/1962,6,1,1962,-8.183800101,2.73,-10.9138001,6.24,0.79518459,3.909047619,2.73,1.179047619
7/1/1962,7,1,1962,6.356164384,2.92,3.436164384,6.13,0.787460475,4.014285714,2.92,1.094285714
8/1/1962,8,1,1962,1.528421776,2.82,-1.291578224,6,0.77815125,3.975652174,2.82,1.155652174
9/1/1962,9,1,1962,-4.820703654,2.78,-7.600703654,6.09,0.784617293,3.978947368,2.78,1.198947368
10/1/1962,10,1,1962,0.444286476,2.74,-2.295713524,6.37,0.804139432,3.925454545,2.74,1.185454545
11/1/1962,11,1,1962,10.1556971,2.83,7.3256971,6.03,0.780317312,3.915789474,2.83,1.085789474
12/1/1962,12,1,1962,1.349180854,2.87,-1.520819146,5.86,0.767897616,3.8645,2.87,0.9945
1/1/1963,1,1,1963,4.912836767,2.91,2.002836767,5.66,0.752816431,3.833636364,2.91,0.923636364
2/1/1963,2,1,1963,-2.885196375,2.92,-5.805196375,5.61,0.748962861,3.921111111,2.92,1.001111111
3/1/1963,3,1,1963,3.546430238,2.89,0.656430238,5.65,0.752048448,3.928571429,2.89,1.038571429
4/1/1963,4,1,1963,4.852035451,2.9,1.952035451,5.46,0.737192643,3.970952381,2.9,1.070952381
5/1/1963,5,1,1963,1.432664756,2.93,-1.497335244,5.41,0.733197265,3.93,2.93,1
6/1/1963,6,1,1963,-2.019774011,2.99,-5.009774011,5.48,0.738780558,3.993,2.99,1.003
7/1/1963,7,1,1963,-0.345970881,3.18,-3.525970881,5.62,0.749736316,4.020454545,3.18,0.840454545
8/1/1963,8,1,1963,4.874873427,3.32,1.554873427,5.52,0.741939078,4.002272727,3.32,0.682272727
9/1/1963,9,1,1963,-1.103448276,3.38,-4.483448276,5.44,0.7355989,4.0775,3.38,0.6975
10/1/1963,10,1,1963,3.221757322,3.45,-0.228242678,5.45,0.736396502,4.106086957,3.45,0.656086957
11/1/1963,11,1,1963,-1.053911634,3.52,-4.573911634,5.51,0.741151599,4.121764706,3.52,0.601764706
12/1/1963,12,1,1963,2.444353407,3.52,-1.075646593,5.42,0.733999287,4.128571429,3.52,0.608571429
1/1/1964,1,1,1964,2.692615303,3.52,-0.827384697,5.33,0.726727209,4.166818182,3.52,0.646818182
2/1/1964,2,1,1964,0.986500519,3.53,-2.543499481,5.33,0.726727209,4.145555556,3.53,0.615555556
3/1/1964,3,1,1964,1.516709512,3.54,-2.023290488,5.3,0.72427587,4.21952381,3.54,0.67952381
4/1/1964,4,1,1964,0.607748797,3.47,-2.862251203,5.29,0.723455672,4.232272727,3.47,0.762272727
5/1/1964,5,1,1964,1.145230305,3.48,-2.334769695,5.3,0.72427587,4.2,3.48,0.72
6/1/1964,6,1,1964,1.642403882,3.48,-1.837596118,5.4,0.73239376,4.17,3.48,0.69
7/1/1964,7,1,1964,1.823968662,3.46,-1.636031338,5.26,0.720985744,4.185909091,3.46,0.725909091
8/1/1964,8,1,1964,-1.622986295,3.5,-5.122986295,5.39,0.731588765,4.193809524,3.5,0.693809524
9/1/1964,9,1,1964,2.871807406,3.53,-0.658192594,5.36,0.72916479,4.203809524,3.53,0.673809524
10/1/1964,10,1,1964,0.807792825,3.57,-2.762207175,5.3,0.72427587,4.188095238,3.57,0.618095238
11/1/1964,11,1,1964,-0.518501061,3.64,-4.158501061,5.29,0.723455672,4.152777778,3.64,0.512777778
12/1/1964,12,1,1964,0.39090263,3.84,-3.44909737,5.42,0.733999287,4.179545455,3.84,0.339545455
1/1/1965,1,1,1965,3.315634218,3.81,-0.494365782,5.33,0.726727209,4.1895,3.81,0.3795
2/1/1965,2,1,1965,-0.148469621,3.93,-4.078469621,5.34,0.727541257,4.211111111,3.93,0.281111111
3/1/1965,3,1,1965,-1.452590644,3.93,-5.382590644,5.39,0.731588765,4.210434783,3.93,0.280434783
4/1/1965,4,1,1965,3.423862581,3.93,-0.506137419,5.38,0.730782276,4.203809524,3.93,0.273809524
5/1/1965,5,1,1965,-0.774323869,3.89,-4.664323869,5.36,0.72916479,4.2115,3.89,0.3215
6/1/1965,6,1,1965,-4.863153133,3.8,-8.663153133,5.69,0.755112266,4.213181818,3.8,0.413181818
7/1/1965,7,1,1965,1.343319068,3.84,-2.496680932,5.76,0.760422483,4.204761905,3.84,0.364761905
8/1/1965,8,1,1965,2.252199413,3.84,-1.587800587,5.7,0.755874856,4.252272727,3.84,0.412272727
9/1/1965,9,1,1965,3.200642423,3.92,-0.719357577,5.57,0.745855195,4.29047619,3.92,0.37047619
10/1/1965,10,1,1965,2.734548688,4.03,-1.295451312,5.53,0.742725131,4.3495,4.03,0.3195
11/1/1965,11,1,1965,-0.876433672,4.09,-4.966433672,5.56,0.745074792,4.448947368,4.09,0.358947368
12/1/1965,12,1,1965,0.895098788,4.38,-3.484901212,5.66,0.752816431,4.615454545,4.38,0.235454545
1/1/1966,1,1,1966,0.486854917,4.59,-4.103145083,5.62,0.749736316,4.612380952,4.59,0.022380952
2/1/1966,2,1,1966,-1.787252369,4.65,-6.437252369,5.71,0.756636108,4.832105263,4.65,0.182105263
3/1/1966,3,1,1966,-2.181539136,4.59,-6.771539136,6.01,0.778874472,4.873478261,4.59,0.283478261
4/1/1966,4,1,1966,2.050879749,4.62,-2.569120251,5.87,0.768638101,4.75,4.62,0.13
5/1/1966,5,1,1966,-5.414012739,4.64,-10.05401274,6.25,0.795880017,4.778571429,4.64,0.138571429
6/1/1966,6,1,1966,-1.613839545,4.5,-6.113839545,6.34,0.802089258,4.814545455,4.5,0.314545455
7/1/1966,7,1,1966,-1.34529148,4.8,-6.14529148,6.38,0.804820679,5.018,4.8,0.218
8/1/1966,8,1,1966,-7.775119617,4.96,-12.73511962,6.81,0.833147112,5.224347826,4.96,0.264347826
9/1/1966,9,1,1966,-0.700389105,5.37,-6.070389105,7.08,0.850033258,5.182380952,5.37,-0.187619048
10/1/1966,10,1,1966,4.754440961,5.35,-0.595559039,7.16,0.854913022,5.0115,5.35,-0.3385
11/1/1966,11,1,1966,0.311720698,5.32,-5.008279302,6.84,0.835056102,5.155263158,5.32,-0.164736842
12/1/1966,12,1,1966,-0.14916097,4.96,-5.10916097,6.82,0.833784375,4.842857143,4.96,-0.117142857
1/1/1967,1,1,1967,7.817751774,4.72,3.097751774,6.53,0.814913181,4.579047619,4.72,-0.140952381
2/1/1967,2,1,1967,0.196282185,4.56,-4.363717815,6.28,0.797959644,4.626666667,4.56,0.066666667
3/1/1967,3,1,1967,3.94100023,4.26,-0.31899977,6.09,0.784617293,4.541818182,4.26,0.281818182
4/1/1967,4,1,1967,4.223946785,3.84,0.383946785,5.95,0.774516966,4.5935,3.84,0.7535
5/1/1967,5,1,1967,-5.244122966,3.6,-8.844122966,5.8,0.763427994,4.847727273,3.6,1.247727273
6/1/1967,6,1,1967,1.751234845,3.54,-1.788765155,5.83,0.765668555,5.022727273,3.54,1.482727273
7/1/1967,7,1,1967,4.534421889,4.21,0.324421889,5.72,0.757396029,5.159,4.21,0.949
8/1/1967,8,1,1967,-1.171503958,4.27,-5.441503958,5.62,0.749736316,5.275652174,4.27,1.005652174
9/1/1967,9,1,1967,3.278513456,4.42,-1.141486544,5.53,0.742725131,5.302,4.42,0.882
10/1/1967,10,1,1967,-2.905594044,4.56,-7.465594044,5.55,0.744292983,5.480952381,4.56,0.920952381
11/1/1967,11,1,1967,0.106496273,4.73,-4.623503727,5.74,0.758911892,5.7535,4.73,1.0235
12/1/1967,12,1,1967,2.627659574,4.97,-2.342340426,5.59,0.747411808,5.699,4.97,0.729
1/1/1968,1,1,1968,-4.384782834,5,-9.384782834,5.65,0.752048448,5.528636364,5,0.528636364
2/1/1968,2,1,1968,-3.122289679,4.98,-8.102289679,5.95,0.774516966,5.563684211,4.98,0.583684211
3/1/1968,3,1,1968,0.940017905,5.17,-4.229982095,6.11,0.78604121,5.74,5.17,0.57
4/1/1968,4,1,1968,8.192904656,5.38,2.812904656,5.73,0.758154622,5.6385,5.38,0.2585
5/1/1968,5,1,1968,1.116917717,5.66,-4.543082283,5.65,0.752048448,5.869545455,5.66,0.209545455
6/1/1968,6,1,1968,0.912038914,5.52,-4.607961086,5.54,0.743509765,5.718,5.52,0.198
7/1/1968,7,1,1968,-1.847760594,5.31,-7.157760594,5.58,0.746634199,5.495454545,5.31,0.185454545
8/1/1968,8,1,1968,1.145897278,5.09,-3.944102722,5.74,0.758911892,5.420454545,5.09,0.330454545
9/1/1968,9,1,1968,3.853934857,5.19,-1.336065143,5.59,0.747411808,5.46,5.19,0.27
10/1/1968,10,1,1968,0.72075582,5.35,-4.62924418,5.48,0.738780558,5.582608696,5.35,0.232608696
11/1/1968,11,1,1968,4.79644135,5.45,-0.65355865,5.43,0.73479983,5.696111111,5.45,0.246111111
12/1/1968,12,1,1968,-4.161668358,5.96,-10.12166836,5.41,0.733197265,6.031904762,5.96,0.071904762
1/1/1969,1,1,1969,-0.818409397,6.14,-6.958409397,5.67,0.753583059,6.041818182,6.14,-0.098181818
2/1/1969,2,1,1969,-4.737404136,6.12,-10.85740414,5.71,0.756636108,6.188947368,6.12,0.068947368
3/1/1969,3,1,1969,3.444410476,6.02,-2.575589524,5.86,0.767897616,6.296,6.02,0.276
4/1/1969,4,1,1969,2.147571668,6.11,-3.962428332,5.75,0.759667845,6.173333333,6.11,0.063333333
5/1/1969,5,1,1969,-0.221815026,6.04,-6.261815026,5.58,0.746634199,6.323333333,6.04,0.283333333
6/1/1969,6,1,1969,-5.55770346,6.44,-11.99770346,5.89,0.770115295,6.574285714,6.44,0.134285714
7/1/1969,7,1,1969,-6.017807799,7,-13.0178078,6.18,0.790988475,6.71952381,7,-0.28047619
8/1/1969,8,1,1969,4.007404987,6.98,-2.972595013,6.24,0.79518459,6.691428571,6.98,-0.288571429
9/1/1969,9,1,1969,-2.502355774,7.09,-9.592355774,6.23,0.794488047,7.15952381,7.09,0.06952381
10/1/1969,10,1,1969,4.424398625,7,-2.575601375,6.13,0.787460475,7.095454545,7,0.095454545
11/1/1969,11,1,1969,-3.527354998,7.24,-10.767355,6.05,0.781755375,7.144117647,7.24,-0.095882353
12/1/1969,12,1,1969,-1.865472764,7.82,-9.685472764,6.34,0.802089258,7.654090909,7.82,-0.165909091
1/1/1970,1,1,1970,-7.647186617,7.87,-15.51718662,6.34,0.802089258,7.794761905,7.87,-0.075238095
2/1/1970,2,1,1970,5.269348389,7.13,-1.860651611,6.52,0.814247596,7.238333333,7.13,0.108333333
3/1/1970,3,1,1970,0.145251397,6.63,-6.484748603,6.35,0.802773725,7.072857143,6.63,0.442857143
4/1/1970,4,1,1970,-9.048309718,6.51,-15.55830972,6.51,0.813580989,7.390909091,6.51,0.880909091
5/1/1970,5,1,1970,-6.096663395,6.84,-12.9366634,7.31,0.863917377,7.906190476,6.84,1.066190476
6/1/1970,6,1,1970,-5.003265839,6.68,-11.68326584,7.3,0.86332286,7.841818182,6.68,1.161818182
7/1/1970,7,1,1970,7.329482948,6.45,0.879482948,7.22,0.858537198,7.457272727,6.45,1.007272727
8/1/1970,8,1,1970,4.445868033,6.41,-1.964131967,6.95,0.841984805,7.527142857,6.41,1.117142857
9/1/1970,9,1,1970,3.299803729,6.12,-2.820196271,6.49,0.812244697,7.38952381,6.12,1.26952381
10/1/1970,10,1,1970,-1.140007125,5.91,-7.050007125,6.26,0.796574333,7.326666667,5.91,1.416666667
11/1/1970,11,1,1970,4.744744745,5.28,-0.535255255,6.18,0.790988475,6.841111111,5.28,1.561111111
12/1/1970,12,1,1970,5.676605505,4.87,0.806605505,5.7,0.755874856,6.391363636,4.87,1.521363636
1/1/1971,1,1,1971,4.047748237,4.44,-0.392251763,5.52,0.741939078,6.2385,4.44,1.7985
2/1/1971,2,1,1971,0.90738423,3.7,-2.79261577,5.34,0.727541257,6.112222222,3.7,2.412222222
3/1/1971,3,1,1971,3.679586563,3.38,0.299586563,5.24,0.719331287,5.703478261,3.38,2.323478261
4/1/1971,4,1,1971,3.628750872,3.86,-0.231249128,5.1,0.707570176,5.833809524,3.86,1.973809524
5/1/1971,5,1,1971,-4.155844156,4.14,-8.295844156,5.2,0.716003344,6.3925,4.14,2.2525
6/1/1971,6,1,1971,0.070259962,4.75,-4.679740038,5.33,0.726727209,6.522272727,4.75,1.772272727
7/1/1971,7,1,1971,-4.112337011,5.4,-9.512337011,5.41,0.733197265,6.72952381,5.4,1.32952381
8/1/1971,8,1,1971,3.587866109,4.94,-1.352133891,5.55,0.744292983,6.582727273,4.94,1.642727273
9/1/1971,9,1,1971,-0.696758558,4.69,-5.386758558,5.46,0.737192643,6.13952381,4.69,1.44952381
10/1/1971,10,1,1971,-4.179377669,4.46,-8.639377669,5.67,0.753583059,5.925789474,4.46,1.465789474
11/1/1971,11,1,1971,-0.254695957,4.22,-4.474695957,6.05,0.781755375,5.81,4.22,1.59
12/1/1971,12,1,1971,8.617938079,4.01,4.607938079,5.75,0.759667845,5.926363636,4.01,1.916363636
1/1/1972,1,1,1972,1.812126555,3.38,-1.567873445,5.55,0.744292983,5.947619048,3.38,2.567619048
2/1/1972,2,1,1972,2.530305946,3.2,-0.669694054,5.49,0.739572344,6.081,3.2,2.881
3/1/1972,3,1,1972,0.591160739,3.73,-3.138839261,5.39,0.731588765,6.068636364,3.73,2.338636364
4/1/1972,4,1,1972,0.438432836,3.71,-3.271567164,5.39,0.731588765,6.1945,3.71,2.4845
5/1/1972,5,1,1972,1.727500697,3.69,-1.962499303,5.49,0.739572344,6.126363636,3.69,2.436363636
6/1/1972,6,1,1972,-2.18205058,3.91,-6.09205058,5.53,0.742725131,6.106818182,3.91,2.196818182
7/1/1972,7,1,1972,0.233339556,3.98,-3.746660444,5.62,0.749736316,6.113,3.98,2.133
8/1/1972,8,1,1972,3.445385976,4.02,-0.574614024,5.48,0.738780558,6.210434783,4.02,2.190434783
9/1/1972,9,1,1972,-0.486092358,4.66,-5.146092358,5.61,0.748962861,6.5495,4.66,1.8895
10/1/1972,10,1,1972,0.931705111,4.74,-3.808294889,5.69,0.755112266,6.4795,4.74,1.7395
11/1/1972,11,1,1972,4.561749417,4.78,-0.218250583,5.5,0.740362689,6.2805,4.78,1.5005
12/1/1972,12,1,1972,1.182823348,5.07,-3.887176652,5.46,0.737192643,6.3585,5.07,1.2885
1/1/1973,1,1,1973,-1.711139348,5.41,-7.121139348,5.53,0.742725131,6.464545455,5.41,1.054545455
2/1/1973,2,1,1973,-3.749030423,5.6,-9.349030423,5.84,0.766412847,6.635555556,5.6,1.035555556
3/1/1973,3,1,1973,-0.143266476,6.09,-6.233266476,6.05,0.781755375,6.709090909,6.09,0.619090909
4/1/1973,4,1,1973,-4.079985653,6.26,-10.33998565,6.29,0.798650645,6.6685,6.26,0.4085
5/1/1973,5,1,1973,-1.88837992,6.36,-8.24837992,6.61,0.820201459,6.847272727,6.36,0.487272727
6/1/1973,6,1,1973,-0.657455931,7.19,-7.847455931,6.9,0.838849091,6.9,7.19,-0.29
7/1/1973,7,1,1973,3.798196816,8.01,-4.211803184,6.98,0.843855423,7.130952381,8.01,-0.879047619
8/1/1973,8,1,1973,-3.668453151,8.67,-12.33845315,7.26,0.860936621,7.404782609,8.67,-1.265217391
9/1/1973,9,1,1973,4.009592326,8.29,-4.280407674,7.28,0.862131379,7.090526316,8.29,-1.199473684
10/1/1973,10,1,1973,-0.129115558,7.22,-7.349115558,7.15,0.854306042,6.794285714,7.22,-0.425714286
11/1/1973,11,1,1973,-11.3860929,7.83,-19.2160929,7.85,0.894869657,6.7285,7.83,-1.1015
12/1/1973,12,1,1973,1.656940392,7.45,-5.793059608,8.61,0.935003151,6.743684211,7.45,-0.706315789
1/1/1974,1,1,1974,-1.004613019,7.77,-8.774613019,8.56,0.932473765,6.988636364,7.77,-0.781363636
2/1/1974,2,1,1974,-0.362431397,7.12,-7.482431397,8.87,0.94792362,6.957222222,7.12,-0.162777778
3/1/1974,3,1,1974,-2.327998337,7.96,-10.28799834,8.58,0.933487288,7.209047619,7.96,-0.750952381
4/1/1974,4,1,1974,-3.905086189,8.33,-12.23508619,9.18,0.962842681,7.512380952,8.33,-0.817619048
5/1/1974,5,1,1974,-3.355110176,8.23,-11.58511018,9.61,0.982723388,7.575909091,8.23,-0.654090909
6/1/1974,6,1,1974,-1.466544455,7.9,-9.366544455,9.73,0.98811284,7.5355,7.9,-0.3645
7/1/1974,7,1,1974,-7.779069767,7.55,-15.32906977,11.18,1.048441804,7.805,7.55,0.255
8/1/1974,8,1,1974,-9.027865339,8.96,-17.98786534,11.82,1.072617477,8.044090909,8.96,-0.915909091
9/1/1974,9,1,1974,-11.93347193,8.06,-19.99347193,13.37,1.126131407,8.0375,8.06,-0.0225
10/1/1974,10,1,1974,16.30468996,7.46,8.84468996,13.01,1.114277297,7.896818182,7.46,0.436818182
11/1/1974,11,1,1974,-5.317997294,7.47,-12.78799729,12.49,1.096562438,7.681111111,7.47,0.211111111
12/1/1974,12,1,1974,-2.01514935,7.15,-9.16514935,13.25,1.122215878,7.433809524,7.15,0.283809524
1/1/1975,1,1,1975,12.28121354,6.26,6.02121354,12.05,1.080987047,7.501363636,6.26,1.241363636
2/1/1975,2,1,1975,5.988568459,5.5,0.488568459,10.73,1.030599722,7.392222222,5.5,1.892222222
3/1/1975,3,1,1975,2.169383503,5.49,-3.320616497,10.09,1.003891166,7.728,5.49,2.238
4/1/1975,4,1,1975,4.726487524,5.61,-0.883512476,9.78,0.990338855,8.226818182,5.61,2.616818182
5/1/1975,5,1,1975,4.410080183,5.23,-0.819919817,9.02,0.955206538,8.05952381,5.23,2.82952381
6/1/1975,6,1,1975,4.432254526,5.34,-0.907745474,8.61,0.935003151,7.860952381,5.34,2.520952381
7/1/1975,7,1,1975,-6.765416535,6.13,-12.89541654,8.53,0.930949031,8.061363636,6.13,1.931363636
8/1/1975,8,1,1975,-2.107042254,6.44,-8.547042254,9.13,0.960470778,8.397619048,6.44,1.957619048
9/1/1975,9,1,1975,-3.464548803,6.42,-9.884548803,9.16,0.961895474,8.426666667,6.42,2.006666667
10/1/1975,10,1,1975,6.164301896,5.96,0.204301896,8.84,0.946452265,8.137727273,5.96,2.177727273
11/1/1975,11,1,1975,2.470799641,5.48,-3.009200359,8.76,0.942504106,8.052941176,5.48,2.572941176
12/1/1975,12,1,1975,-1.150811048,5.44,-6.590811048,8.97,0.952792443,7.996818182,5.44,2.556818182
1/1/1976,1,1,1976,11.83057989,4.87,6.96057989,8.46,0.927370363,7.742380952,4.87,2.872380952
2/1/1976,2,1,1976,-1.140194329,4.88,-6.020194329,8.38,0.923244019,7.792777778,4.88,2.912777778
3/1/1976,3,1,1976,3.068899809,5,-1.931100191,8.57,0.932980822,7.734347826,5,2.734347826
4/1/1976,4,1,1976,-1.099542668,4.86,-5.959542668,8.69,0.939019776,7.564285714,4.86,2.704285714
5/1/1976,5,1,1976,-1.436442346,5.2,-6.636442346,8.95,0.951823035,7.895,5.2,2.695
6/1/1976,6,1,1976,4.09263326,5.41,-1.31736674,9.09,0.958563883,7.861363636,5.41,2.451363636
7/1/1976,7,1,1976,-0.80552359,5.23,-6.03552359,8.97,0.952792443,7.831904762,5.23,2.601904762
8/1/1976,8,1,1976,-0.512374323,5.14,-5.652374323,9.15,0.961421094,7.768636364,5.14,2.628636364
9/1/1976,9,1,1976,2.264114275,5.08,-2.815885725,9.05,0.956648579,7.594285714,5.08,2.514285714
10/1/1976,10,1,1976,-2.223489168,4.92,-7.143489168,9.49,0.977266212,7.411,4.92,2.491
11/1/1976,11,1,1976,-0.777453839,4.75,-5.527453839,9.67,0.985426474,7.291052632,4.75,2.541052632
12/1/1976,12,1,1976,5.249755142,4.35,0.899755142,9.47,0.976349979,6.869090909,4.35,2.519090909
1/1/1977,1,1,1977,-5.053042993,4.62,-9.673042993,9.6,0.982271233,7.213333333,4.62,2.593333333
2/1/1977,2,1,1977,-2.166029599,4.67,-6.836029599,9.92,0.996511672,7.391052632,4.67,2.721052632
3/1/1977,3,1,1977,-1.402524544,4.6,-6.002524544,10.02,1.000867722,7.46,4.6,2.86
4/1/1977,4,1,1977,0.020321073,4.54,-4.519678927,10.29,1.012415375,7.3705,4.54,2.8305
5/1/1977,5,1,1977,-2.356765542,4.96,-7.316765542,10.44,1.018700499,7.456666667,4.96,2.496666667
6/1/1977,6,1,1977,4.535996671,5.02,-0.484003329,10.49,1.020775488,7.275454545,5.02,2.255454545
7/1/1977,7,1,1977,-1.622213376,5.19,-6.812213376,10.5,1.021189299,7.33,5.19,2.14
8/1/1977,8,1,1977,-2.10419828,5.49,-7.59419828,10.86,1.035829825,7.396521739,5.49,1.906521739
9/1/1977,9,1,1977,-0.248010747,5.81,-6.058010747,11.13,1.046495164,7.343809524,5.81,1.533809524
10/1/1977,10,1,1977,-4.340619497,6.16,-10.5006195,11.49,1.060320029,7.5235,6.16,1.3635
11/1/1977,11,1,1977,2.696556205,6.1,-3.403443795,11.49,1.060320029,7.577368421,6.1,1.477368421
12/1/1977,12,1,1977,0.284720025,6.07,-5.785279975,11.61,1.06483222,7.685238095,6.07,1.615238095
1/1/1978,1,1,1978,-6.151419558,6.44,-12.59141956,12.08,1.082066934,7.956190476,6.44,1.516190476
2/1/1978,2,1,1978,-2.476190476,6.45,-8.926190476,12.26,1.08849047,8.033333333,6.45,1.583333333
3/1/1978,3,1,1978,2.493106618,6.29,-3.796893382,12.29,1.089551883,8.035909091,6.29,1.745909091
4/1/1978,4,1,1978,8.541643314,6.29,2.251643314,11.89,1.075181855,8.154,6.29,1.864
5/1/1978,5,1,1978,0.475059382,6.41,-5.934940618,11.42,1.057666104,8.345714286,6.41,1.935714286
6/1/1978,6,1,1978,-1.809024566,6.73,-8.539024566,11.5,1.06069784,8.462272727,6.73,1.732272727
7/1/1978,7,1,1978,5.390976657,7.01,-1.619023343,11.67,1.067070856,8.64,7.01,1.63
8/1/1978,8,1,1978,2.592371871,7.08,-4.487628129,11.03,1.042575512,8.410869565,7.08,1.330869565
9/1/1978,9,1,1978,-0.72611095,7.85,-8.57611095,11.14,1.046885191,8.4165,7.85,0.5665
10/1/1978,10,1,1978,-9.157401989,7.99,-17.14740199,11.75,1.070037867,8.642380952,7.99,0.652380952
11/1/1978,11,1,1978,1.663982823,8.64,-6.976017177,12.75,1.105510185,8.805,8.64,0.165
12/1/1978,12,1,1978,1.488912355,9.08,-7.591087645,12.83,1.108226656,9.0065,9.08,-0.0735
1/1/1979,1,1,1979,3.974612423,9.35,-5.375387577,12.69,1.103461622,9.099545455,9.35,-0.250454545
2/1/1979,2,1,1979,-3.65255679,9.32,-12.97255679,13.21,1.120902818,9.098333333,9.32,-0.221666667
3/1/1979,3,1,1979,5.515164105,9.48,-3.964835895,13.29,1.123524981,9.117272727,9.48,-0.362727273
4/1/1979,4,1,1979,0.167339305,9.46,-9.292660695,13.25,1.122215878,9.182,9.46,-0.278
5/1/1979,5,1,1979,-2.633647799,9.61,-12.2436478,13.79,1.139564266,9.252380952,9.61,-0.357619048
6/1/1979,6,1,1979,3.865563181,9.06,-5.194436819,13.75,1.138302698,8.913809524,9.06,-0.146190476
7/1/1979,7,1,1979,0.874550578,9.24,-8.365449422,13.82,1.140508043,8.95,9.24,-0.29
8/1/1979,8,1,1979,5.307773818,9.52,-4.212226182,13.42,1.127752516,9.029565217,9.52,-0.490434783
9/1/1979,9,1,1979,0,10.26,-10.26,13.47,1.129367596,9.334736842,10.26,-0.925263158
10/1/1979,10,1,1979,-6.860592755,11.7,-18.56059276,14.07,1.148294097,10.29909091,11.7,-1.40090909
11/1/1979,11,1,1979,4.262423885,11.79,-7.527576115,14.26,1.154119526,10.65315789,11.79,-1.13684211
12/1/1979,12,1,1979,1.676714393,12.04,-10.36328561,13.78,1.139249218,10.386,12.04,-1.654
1/1/1980,1,1,1980,6.651843617,12,-5.348156383,13.53,1.131297797,10.80227273,12,-1.19772727
2/1/1980,2,1,1980,-1.268241835,12.86,-14.12824184,13.14,1.118595365,12.41473684,12.86,-0.44526316
3/1/1980,3,1,1980,-10.17948267,15.2,-25.37948267,14.6,1.164352856,12.74904762,15.2,-2.45095238
4/1/1980,4,1,1980,4.114017044,13.2,-9.085982956,14.73,1.168202747,11.47333333,13.2,-1.72666667
5/1/1980,5,1,1980,4.657070279,8.58,-3.922929721,13.98,1.145507171,10.18142857,8.58,1.60142857
6/1/1980,6,1,1980,2.696871629,7.07,-4.373128371,13.04,1.115277591,9.778095238,7.07,2.708095238
7/1/1980,7,1,1980,6.503851541,8.06,-1.556148459,12.39,1.093071306,10.24772727,8.06,2.18772727
8/1/1980,8,1,1980,0.583545656,9.13,-8.546454344,11.94,1.077004327,11.10190476,9.13,1.97190476
9/1/1980,9,1,1980,2.516751103,10.27,-7.753248897,11.57,1.063333359,11.50857143,10.27,1.23857143
10/1/1980,10,1,1980,1.602104256,11.62,-10.01789574,11.29,1.052693942,11.75136364,11.62,0.13136364
11/1/1980,11,1,1980,10.23770299,13.73,-3.49229701,10.88,1.036628895,12.68470588,13.73,-1.04529412
12/1/1980,12,1,1980,-3.387418161,15.49,-18.87741816,11.1,1.045322979,12.84409091,15.49,-2.64590909
1/1/1981,1,1,1981,-4.574248674,15.02,-19.59424867,11.08,1.04453976,12.56857143,15.02,-2.45142857
2/1/1981,2,1,1981,1.327672713,14.79,-13.46232729,11.42,1.057666104,13.19444444,14.79,-1.59555556
3/1/1981,3,1,1981,3.603260456,13.36,-9.756739544,10.95,1.039414119,13.11590909,13.36,-0.24409091
4/1/1981,4,1,1981,-2.301470588,13.69,-15.99147059,10.95,1.039414119,13.67952381,13.69,-0.01047619
5/1/1981,5,1,1981,-0.210732295,16.3,-16.5107323,11.29,1.052693942,14.0995,16.3,-2.2005
6/1/1981,6,1,1981,-1.040802474,14.73,-15.77080247,11.35,1.054995862,13.47227273,14.73,-1.25772727
7/1/1981,7,1,1981,-0.221019739,14.95,-15.17101974,11.69,1.067814511,14.28090909,14.95,-0.66909091
8/1/1981,8,1,1981,-6.209899175,15.51,-21.71989918,11.72,1.068927612,14.93714286,15.51,-0.57285714
9/1/1981,9,1,1981,-5.383174526,14.7,-20.08317453,12.91,1.110926242,15.32380952,14.7,0.62380952
10/1/1981,10,1,1981,4.914787399,13.54,-8.625212601,12.77,1.106190897,15.14809524,13.54,1.60809524
11/1/1981,11,1,1981,3.659036836,10.86,-7.200963164,12.47,1.095866453,13.39277778,10.86,2.53277778
12/1/1981,12,1,1981,-3.007518797,10.85,-13.8575188,12.41,1.093771781,13.72454545,10.85,2.87454545
1/1/1982,1,1,1982,-1.754385965,12.28,-14.03438597,12.94,1.111934276,14.594,12.28,2.314
2/1/1982,2,1,1982,-6.054817276,13.48,-19.53481728,13.09,1.116939647,14.42555556,13.48,0.94555556
3/1/1982,3,1,1982,-1.016709398,12.68,-13.6967094,13.37,1.126131407,13.86130435,12.68,1.18130435
4/1/1982,4,1,1982,4.001429082,12.7,-8.698570918,12.55,1.098643726,13.87190476,12.7,1.17190476
5/1/1982,5,1,1982,-3.916180007,12.09,-16.00618001,12.36,1.092018471,13.6225,12.09,1.5325
6/1/1982,6,1,1982,-2.0289596,12.47,-14.4989596,12.92,1.111262514,14.29954545,12.47,1.82954545
7/1/1982,7,1,1982,-2.299060305,11.35,-13.64906031,12.77,1.106190897,13.94619048,11.35,2.59619048
8/1/1982,8,1,1982,11.59772154,8.68,2.91772154,12.55,1.098643726,13.055,8.68,4.375
9/1/1982,9,1,1982,0.761442557,7.92,-7.158557443,11.08,1.04453976,12.33904762,7.92,4.41904762
10/1/1982,10,1,1982,11.0363727,7.71,3.3263727,9.99,0.999565488,10.9065,7.71,3.1965
11/1/1982,11,1,1982,3.612295266,8.07,-4.457704734,9.37,0.971739591,10.55052632,8.07,2.48052632
12/1/1982,12,1,1982,1.515807709,7.94,-6.424192291,9.07,0.957607287,10.54,7.94,2.6
1/1/1983,1,1,1983,3.313424346,7.86,-4.546575654,8.71,0.940018155,10.45714286,7.86,2.59714286
2/1/1983,2,1,1983,1.899518238,8.11,-6.210481762,8.51,0.92992956,10.72473684,8.11,2.61473684
3/1/1983,3,1,1983,3.309469134,8.35,-5.040530866,8.18,0.912753304,10.50652174,8.35,2.15652174
4/1/1983,4,1,1983,7.492154812,8.21,-0.717845188,7.91,0.898176483,10.4,8.21,2.19
5/1/1983,5,1,1983,-1.234642987,8.19,-9.424642987,7.64,0.883093359,10.38,8.19,2.19
6/1/1983,6,1,1983,3.522384383,8.79,-5.267615617,7.57,0.87909588,10.84863636,8.79,2.05863636
7/1/1983,7,1,1983,-3.301409791,9.08,-12.38140979,7.68,0.88536122,11.377,9.08,2.297
8/1/1983,8,1,1983,1.131889764,9.34,-8.208110236,8.04,0.905256049,11.84608696,9.34,2.50608696
9/1/1983,9,1,1983,1.015815085,9,-7.984184915,7.95,0.900367129,11.65380952,9,2.65380952
10/1/1983,10,1,1983,-1.517432408,8.64,-10.15743241,8.08,0.907411361,11.541,8.64,2.901
11/1/1983,11,1,1983,1.742586365,8.76,-7.017413635,8.35,0.921686475,11.69,8.76,2.93
12/1/1983,12,1,1983,-0.883413462,9,-9.883413462,8.53,0.930949031,11.82952381,9,2.82952381
1/1/1984,1,1,1984,-0.921603104,8.9,-9.821603104,8.68,0.938519725,11.67428571,8.9,2.77428571
2/1/1984,2,1,1984,-3.885931094,9.09,-12.97593109,9.44,0.974971994,11.84210526,9.09,2.75210526
3/1/1984,3,1,1984,1.349802623,9.52,-8.170197377,9.7,0.986771734,12.31909091,9.52,2.79909091
4/1/1984,4,1,1984,0.546551074,9.69,-9.143448926,9.88,0.994756945,12.6335,9.69,2.9435
5/1/1984,5,1,1984,-5.935645111,9.83,-15.76564511,10.14,1.006037955,13.40863636,9.83,3.57863636
6/1/1984,6,1,1984,1.746927931,9.87,-8.123072069,10.58,1.024485668,13.56285714,9.87,3.69285714
7/1/1984,7,1,1984,-1.645123384,10.12,-11.76512338,10.8,1.033423755,13.36238095,10.12,3.24238095
8/1/1984,8,1,1984,10.63321386,10.47,0.16321386,10,1,12.71608696,10.47,2.24608696
9/1/1984,9,1,1984,-0.347972162,10.37,-10.71797216,9.97,0.998695158,12.52263158,10.37,2.15263158
10/1/1984,10,1,1984,-0.00602047,9.74,-9.74602047,10.06,1.002597981,12.16045455,9.74,2.42045455
11/1/1984,11,1,1984,-1.511228852,8.61,-10.12122885,9.99,0.999565488,11.57263158,8.61,2.96263158
12/1/1984,12,1,1984,2.23743734,8.06,-5.82256266,10.12,1.005180513,11.4995,8.06,3.4395
1/1/1985,1,1,1985,7.408514709,7.76,-0.351485291,9.65,0.984527313,11.38428571,7.76,3.62428571
2/1/1985,2,1,1985,0.862884819,8.27,-7.407115181,9.11,0.959518377,11.50888889,8.27,3.23888889
3/1/1985,3,1,1985,-0.287007396,8.52,-8.807007396,9.14,0.960946196,11.8552381,8.52,3.3352381
4/1/1985,4,1,1985,-0.459426547,7.95,-8.409426547,8.93,0.950851459,11.4347619,7.95,3.4847619
5/1/1985,5,1,1985,5.405104821,7.48,-2.074895179,8.58,0.933487288,10.84681818,7.48,3.36681818
6/1/1985,6,1,1985,1.213400158,6.95,-5.736599842,8.26,0.916980047,10.156,6.95,3.206
7/1/1985,7,1,1985,-0.484753714,7.08,-7.564753714,8.04,0.905256049,10.30681818,7.08,3.22681818
8/1/1985,8,1,1985,-1.199455269,7.14,-8.339455269,8.16,0.911690159,10.33181818,7.14,3.19181818
9/1/1985,9,1,1985,-3.472406298,7.1,-10.5724063,8.27,0.91750551,10.37315789,7.1,3.27315789
10/1/1985,10,1,1985,4.250878735,7.16,-2.909121265,8.07,0.906873535,10.23681818,7.16,3.07681818
11/1/1985,11,1,1985,6.506163734,7.24,-0.733836266,7.5,0.875061263,9.781578947,7.24,2.541578947
12/1/1985,12,1,1985,4.50610872,7.1,-2.59389128,7.05,0.848189117,9.259047619,7.1,2.159047619
1/1/1986,1,1,1986,0.236652783,7.07,-6.833347217,7,0.84509804,9.193809524,7.07,2.123809524
2/1/1986,2,1,1986,7.148928133,7.06,0.088928133,6.63,0.821513528,8.704210526,7.06,1.644210526
3/1/1986,3,1,1986,5.279393619,6.56,-1.280606381,6.25,0.795880017,7.7785,6.56,1.2185
4/1/1986,4,1,1986,-1.414817915,6.06,-7.474817915,6.13,0.787460475,7.299090909,6.06,1.239090909
5/1/1986,5,1,1986,5.022927989,6.15,-1.127072011,6.14,0.788168371,7.70952381,6.15,1.55952381
6/1/1986,6,1,1986,1.410956135,6.21,-4.799043865,6,0.77815125,7.79952381,6.21,1.58952381
7/1/1986,7,1,1986,-5.868282571,5.83,-11.69828257,6.14,0.788168371,7.303181818,5.83,1.473181818
8/1/1986,8,1,1986,7.119261393,5.53,1.589261393,6.04,0.781036939,7.165714286,5.53,1.635714286
9/1/1986,9,1,1986,-8.543865892,5.21,-13.75386589,6.23,0.794488047,7.447619048,5.21,2.237619048
10/1/1986,10,1,1986,5.472937921,5.18,0.292937921,6.2,0.792391689,7.426363636,5.18,2.246363636
11/1/1986,11,1,1986,2.147717026,5.35,-3.202282974,5.96,0.77524626,7.250555556,5.35,1.900555556
12/1/1986,12,1,1986,-2.828825937,5.53,-8.358825937,5.82,0.764922985,7.112727273,5.53,1.582727273
1/1/1987,1,1,1987,13.17669406,5.43,7.74669406,5.55,0.744292983,7.0845,5.43,1.6545
2/1/1987,2,1,1987,3.692352598,5.59,-1.897647402,5.3,0.72427587,7.250526316,5.59,1.660526316
3/1/1987,3,1,1987,2.638986629,5.59,-2.951013371,5.16,0.712649702,7.248636364,5.59,1.658636364
4/1/1987,4,1,1987,-1.145011999,5.64,-6.785011999,5.14,0.710963119,8.022857143,5.64,2.382857143
5/1/1987,5,1,1987,0.603412401,5.66,-5.056587599,5.07,0.705007959,8.613,5.66,2.953
6/1/1987,6,1,1987,4.791451224,5.67,-0.878548776,4.78,0.679427897,8.402272727,5.67,2.732272727
7/1/1987,7,1,1987,4.822368421,5.69,-0.867631579,4.8,0.681241237,8.446818182,5.69,2.756818182
8/1/1987,8,1,1987,3.495889035,6.04,-2.544110965,4.67,0.669316881,8.76047619,6.04,2.72047619
9/1/1987,9,1,1987,-2.416616131,6.4,-8.816616131,4.98,0.697229343,9.421904762,6.4,3.021904762
10/1/1987,10,1,1987,-21.7630426,6.13,-27.8930426,5.86,0.767897616,9.52,6.13,3.39
11/1/1987,11,1,1987,-8.534890186,5.69,-14.22489019,6.92,0.840106094,8.860526316,5.69,3.170526316
12/1/1987,12,1,1987,7.286148502,5.77,1.516148502,7.26,0.860936621,8.987727273,5.77,3.217727273
1/1/1988,1,1,1988,4.043224866,5.81,-1.766775134,7.13,0.85308953,8.665789474,5.81,2.855789474
2/1/1988,2,1,1988,4.181740382,5.66,-1.478259618,7.06,0.848804701,8.212,5.66,2.552
3/1/1988,3,1,1988,-3.334329027,5.7,-9.034329027,7,0.84509804,8.373478261,5.7,2.673478261
4/1/1988,4,1,1988,0.942485225,5.91,-4.967514775,7.47,0.873320602,8.7185,5.91,2.8085
5/1/1988,5,1,1988,0.317606092,6.26,-5.942393908,8.06,0.906335042,9.089047619,6.26,2.829047619
6/1/1988,6,1,1988,4.325602685,6.46,-2.134397315,8.01,0.903632516,8.921363636,6.46,2.461363636
7/1/1988,7,1,1988,-0.541133455,6.73,-7.271133455,8.18,0.912753304,9.056,6.73,2.326
8/1/1988,8,1,1988,-3.860010293,7.06,-10.92001029,8.49,0.92890769,9.260434783,7.06,2.200434783
9/1/1988,9,1,1988,3.972927501,7.24,-3.267072499,8.48,0.928395852,8.977142857,7.24,1.737142857
10/1/1988,10,1,1988,2.596447354,7.35,-4.753552646,8.32,0.920123326,8.7955,7.35,1.4455
11/1/1988,11,1,1988,-1.889092017,7.76,-9.649092017,8.64,0.936513742,8.9625,7.76,1.2025
12/1/1988,12,1,1988,1.468761418,8.07,-6.601238582,8.59,0.933993164,9.105714286,8.07,1.035714286
1/1/1989,1,1,1989,7.111479188,8.27,-1.158520812,8.46,0.927370363,9.0915,8.27,0.8215
2/1/1989,2,1,1989,-2.89440952,8.53,-11.42440952,8.35,0.921686475,9.168947368,8.53,0.638947368
3/1/1989,3,1,1989,2.080592675,8.82,-6.739407325,8.53,0.930949031,9.357727273,8.82,0.537727273
4/1/1989,4,1,1989,5.008987011,8.65,-3.641012989,8.29,0.918554531,9.1755,8.65,0.5255
5/1/1989,5,1,1989,3.513757912,8.43,-4.916242088,8.01,0.903632516,8.859090909,8.43,0.429090909
6/1/1989,6,1,1989,-0.792462249,8.15,-8.942462249,7.79,0.891537458,8.277272727,8.15,0.127272727
7/1/1989,7,1,1989,8.837033776,7.88,0.957033776,7.45,0.872156273,8.0185,7.88,0.1385
8/1/1989,8,1,1989,1.551664355,7.9,-6.348335645,6.98,0.843855423,8.112608696,7.9,0.212608696
9/1/1989,9,1,1989,-0.65443164,7.75,-8.40443164,6.82,0.833784375,8.1905,7.75,0.4405
10/1/1989,10,1,1989,-2.517542603,7.64,-10.1575426,6.74,0.828659897,8.007619048,7.64,0.367619048
11/1/1989,11,1,1989,1.65413092,7.69,-6.03586908,6.8,0.832508913,7.874285714,7.69,0.184285714
12/1/1989,12,1,1989,2.141680395,7.63,-5.488319605,6.56,0.816903839,7.836,7.63,0.206
1/1/1990,1,1,1990,-6.88172043,7.64,-14.52172043,6.61,0.820201459,8.206666667,7.64,0.566666667
2/1/1990,2,1,1990,0.853895709,7.74,-6.886104291,6.68,0.824776462,8.473157895,7.74,0.733157895
3/1/1990,3,1,1990,2.425502426,7.9,-5.474497574,6.4,0.806179974,8.588636364,7.9,0.688636364
4/1/1990,4,1,1990,-2.688709772,7.77,-10.45870977,6.37,0.804139432,8.7855,7.77,1.0155
5/1/1990,5,1,1990,9.198911729,7.74,1.458911729,6.11,0.78604121,8.758181818,7.74,1.018181818
6/1/1990,6,1,1990,-0.888630512,7.73,-8.618630512,5.9,0.770852012,8.48,7.73,0.75
7/1/1990,7,1,1990,-0.522317189,7.62,-8.142317189,5.95,0.774516966,8.471428571,7.62,0.851428571
8/1/1990,8,1,1990,-9.431419346,7.45,-16.88141935,6.52,0.814247596,8.752608696,7.45,1.302608696
9/1/1990,9,1,1990,-5.118427579,7.36,-12.47842758,6.89,0.838219222,8.893157895,7.36,1.533157895
10/1/1990,10,1,1990,-0.669825192,7.17,-7.839825192,7.04,0.847572659,8.719545455,7.17,1.549545455
11/1/1990,11,1,1990,5.993421053,7.06,-1.066578947,6.81,0.833147112,8.392,7.06,1.332
12/1/1990,12,1,1990,2.482775743,6.74,-4.257224257,6.49,0.812244697,8.075,6.74,1.335
1/1/1991,1,1,1991,4.151777603,6.22,-2.068222397,6.52,0.814247596,8.091904762,6.22,1.871904762
2/1/1991,2,1,1991,6.728113279,5.94,0.788113279,5.82,0.764922985,7.854736842,5.94,1.914736842
3/1/1991,3,1,1991,2.220284959,5.91,-3.689715041,5.62,0.749736316,8.11,5.91,2.2
4/1/1991,4,1,1991,0.034646341,5.65,-5.615353659,5.38,0.730782276,8.039090909,5.65,2.389090909
5/1/1991,5,1,1991,3.857732783,5.46,-1.602267217,5.27,0.721810615,8.067727273,5.46,2.607727273
6/1/1991,6,1,1991,-4.789267116,5.57,-10.35926712,5.13,0.710117365,8.284,5.57,2.714
7/1/1991,7,1,1991,4.485935984,5.58,-1.094064016,4.97,0.696356389,8.272727273,5.58,2.692727273
8/1/1991,8,1,1991,1.964879709,5.33,-3.365120291,4.71,0.673020907,7.9,5.33,2.57
9/1/1991,9,1,1991,-1.914371697,5.22,-7.134371697,4.6,0.662757832,7.65,5.22,2.43
10/1/1991,10,1,1991,1.185994947,4.99,-3.804005053,4.45,0.648360011,7.527272727,4.99,2.537272727
11/1/1991,11,1,1991,-4.392804362,4.56,-8.952804362,4.3,0.633468456,7.417368421,4.56,2.857368421
12/1/1991,12,1,1991,11.15878685,4.07,7.08878685,4.11,0.613841822,7.088571429,4.07,3.018571429
1/1/1992,1,1,1992,-1.989978182,3.8,-5.789978182,3.86,0.586587305,7.032380952,3.8,3.232380952
2/1/1992,2,1,1992,0.956481323,3.84,-2.883518677,3.91,0.592176757,7.337894737,3.84,3.497894737
3/1/1992,3,1,1992,-2.183183911,4.04,-6.223183911,3.97,0.598790507,7.542272727,4.04,3.502272727
4/1/1992,4,1,1992,2.789268994,3.75,-0.960731006,4.04,0.606381365,7.48047619,3.75,3.73047619
5/1/1992,5,1,1992,0.096397156,3.63,-3.533602844,4.04,0.606381365,7.392,3.63,3.762
6/1/1992,6,1,1992,-1.735885398,3.66,-5.395885398,4.18,0.621176282,7.261818182,3.66,3.601818182
7/1/1992,7,1,1992,3.93737443,3.21,0.72737443,4.19,0.622214023,6.844545455,3.21,3.634545455
8/1/1992,8,1,1992,-2.399754838,3.13,-5.529754838,4.24,0.627365857,6.585714286,3.13,3.455714286
9/1/1992,9,1,1992,0.910562037,2.91,-1.999437963,4.31,0.63447727,6.415238095,2.91,3.505238095
10/1/1992,10,1,1992,0.210627094,2.86,-2.649372906,4.46,0.649334859,6.589047619,2.86,3.729047619
11/1/1992,11,1,1992,3.02617751,3.13,-0.10382249,4.43,0.646403726,6.873157895,3.13,3.743157895
12/1/1992,12,1,1992,1.010780109,3.22,-2.209219891,4.38,0.641474111,6.77,3.22,3.55
1/1/1993,1,1,1993,0.704597094,3,-2.295402906,4.44,0.64738297,6.6,3,3.6
2/1/1993,2,1,1993,1.048361366,2.93,-1.881638634,4.44,0.64738297,6.258947368,2.93,3.328947368
3/1/1993,3,1,1993,1.869727999,2.95,-1.080272001,4.41,0.644438589,5.975217391,2.95,3.025217391
4/1/1993,4,1,1993,-2.541678659,2.87,-5.411678659,4.44,0.64738297,5.96952381,2.87,3.09952381
5/1/1993,5,1,1993,2.271746291,2.96,-0.688253709,4.38,0.641474111,6.0355,2.96,3.0755
6/1/1993,6,1,1993,0.075523668,3.07,-2.994476332,4.31,0.63447727,5.962727273,3.07,2.892727273
7/1/1993,7,1,1993,-0.532705924,3.04,-3.572705924,4.4,0.643452676,5.805238095,3.04,2.765238095
8/1/1993,8,1,1993,3.443197287,3.02,0.423197287,4.42,0.645422269,5.677727273,3.02,2.657727273
9/1/1993,9,1,1993,-0.998791958,2.95,-3.948791958,4.44,0.64738297,5.36,2.95,2.41
10/1/1993,10,1,1993,1.939293574,3.02,-1.080706426,4.51,0.654176542,5.334,3.02,2.314
11/1/1993,11,1,1993,-1.291067268,3.1,-4.391067268,4.62,0.664641976,5.724,3.1,2.624
12/1/1993,12,1,1993,1.009116698,3.06,-2.050883302,4.7,0.672097858,5.774090909,3.06,2.714090909
1/1/1994,1,1,1994,3.250080394,2.98,0.270080394,4.69,0.671172843,5.7505,2.98,2.7705
2/1/1994,2,1,1994,-3.00450572,3.25,-6.25450572,4.76,0.677606953,5.973157895,3.25,2.723157895
3/1/1994,3,1,1994,-4.574645716,3.5,-8.074645716,4.9,0.69019608,6.482608696,3.5,2.982608696
4/1/1994,4,1,1994,1.153060996,3.68,-2.526939004,5.26,0.720985744,6.972105263,3.68,3.292105263
5/1/1994,5,1,1994,1.239715243,4.14,-2.900284757,5.4,0.73239376,7.183333333,4.14,3.043333333
6/1/1994,6,1,1994,-2.679079956,4.14,-6.819079956,5.54,0.743509765,7.101363636,4.14,2.961363636
7/1/1994,7,1,1994,3.148985977,4.33,-1.181014023,5.74,0.758911892,7.298,4.33,2.968
8/1/1994,8,1,1994,3.759874307,4.48,-0.720125693,5.73,0.758154622,7.236086957,4.48,2.756086957
9/1/1994,9,1,1994,-2.691959873,4.62,-7.311959873,5.85,0.767155866,7.457142857,4.62,2.837142857
10/1/1994,10,1,1994,2.087790962,4.95,-2.862209038,6.13,0.787460475,7.744,4.95,2.794
11/1/1994,11,1,1994,-3.950460464,5.29,-9.240460464,6.4,0.806179974,7.955,5.29,2.665
12/1/1994,12,1,1994,1.229914699,5.6,-4.370085301,6.72,0.827369273,7.813809524,5.6,2.213809524
1/1/1995,1,1,1995,2.427765802,5.71,-3.282234198,6.72,0.827369273,7.7795,5.71,2.0695
2/1/1995,2,1,1995,3.607414651,5.77,-2.162585349,6.62,0.820857989,7.469473684,5.77,1.699473684
3/1/1995,3,1,1995,2.732924352,5.73,-2.997075648,6.6,0.819543936,7.204782609,5.73,1.474782609
4/1/1995,4,1,1995,2.796029638,5.65,-2.853970362,6.53,0.814913181,7.062631579,5.65,1.412631579
5/1/1995,5,1,1995,3.631170951,5.67,-2.038829049,6.45,0.809559715,6.632727273,5.67,0.962727273
6/1/1995,6,1,1995,2.127859018,5.47,-3.342140982,6.38,0.804820679,6.168181818,5.47,0.698181818
7/1/1995,7,1,1995,3.177604406,5.42,-2.242395594,6.22,0.793790385,6.278,5.42,0.858
8/1/1995,8,1,1995,-0.032025051,5.4,-5.432025051,6.25,0.795880017,6.48826087,5.4,1.08826087
9/1/1995,9,1,1995,4.009752972,5.28,-1.270247028,6.08,0.783903579,6.1975,5.28,0.9175
10/1/1995,10,1,1995,-0.497938091,5.28,-5.777938091,5.97,0.775974331,6.044761905,5.28,0.764761905
11/1/1995,11,1,1995,4.104901118,5.36,-1.255098882,5.77,0.761175813,5.93047619,5.36,0.57047619
12/1/1995,12,1,1995,1.74438773,5.14,-3.39561227,5.53,0.742725131,5.7115,5.14,0.5715
1/1/1996,1,1,1996,3.261734288,5,-1.738265712,5.53,0.742725131,5.652380952,5,0.652380952
2/1/1996,2,1,1996,0.693374422,4.83,-4.136625578,5.24,0.719331287,5.8055,4.83,0.9755
3/1/1996,3,1,1996,0.791655606,4.96,-4.168344394,5.26,0.720985744,6.268571429,4.96,1.308571429
4/1/1996,4,1,1996,1.343144849,4.95,-3.606855151,5.3,0.72427587,6.511363636,4.95,1.561363636
5/1/1996,5,1,1996,2.285338673,5.02,-2.734661327,5.24,0.719331287,6.736818182,5.02,1.716818182
6/1/1996,6,1,1996,0.225669536,5.09,-4.864330464,5.22,0.717670503,6.912,5.09,1.822
7/1/1996,7,1,1996,-4.574802797,5.15,-9.724802797,5.48,0.738780558,6.865454545,5.15,1.715454545
8/1/1996,8,1,1996,1.881396984,5.05,-3.168603016,5.38,0.730782276,6.635454545,5.05,1.585454545
9/1/1996,9,1,1996,5.417261001,5.09,0.327261001,5.33,0.726727209,6.832,5.09,1.742
10/1/1996,10,1,1996,2.613085798,4.99,-2.376914202,5.26,0.720985744,6.533636364,4.99,1.543636364
11/1/1996,11,1,1996,7.337615381,5.03,2.307615381,5.14,0.710963119,6.203684211,5.03,1.173684211
12/1/1996,12,1,1996,-2.150537634,4.91,-7.060537634,5.21,0.716837723,6.302380952,4.91,1.392380952
1/1/1997,1,1,1997,6.131706132,5.03,1.101706132,5.12,0.709269961,6.579047619,5.03,1.549047619
2/1/1997,2,1,1997,0.592754656,5.01,-4.417245344,4.98,0.697229343,6.419473684,5.01,1.409473684
3/1/1997,3,1,1997,-4.26139956,5.14,-9.40139956,5.08,0.705863712,6.6945,5.14,1.5545
4/1/1997,4,1,1997,5.840553677,5.16,0.680553677,5.28,0.722633923,6.885454545,5.16,1.725454545
5/1/1997,5,1,1997,5.857688372,5.05,0.807688372,4.86,0.686636269,6.710952381,5.05,1.660952381
6/1/1997,6,1,1997,4.345263356,4.93,-0.584736644,4.63,0.665580991,6.493809524,4.93,1.563809524
7/1/1997,7,1,1997,7.812323474,5.05,2.762323474,4.39,0.64246452,6.220454545,5.05,1.170454545
8/1/1997,8,1,1997,-5.744584979,5.14,-10.88458498,4.38,0.641474111,6.298571429,5.14,1.158571429
9/1/1997,9,1,1997,5.315352374,4.95,0.365352374,4.34,0.63748973,6.208571429,4.95,1.258571429
10/1/1997,10,1,1997,-3.447766236,4.97,-8.417766236,4.24,0.627365857,6.029545455,4.97,1.059545455
11/1/1997,11,1,1997,4.458682294,5.14,-0.681317706,4.26,0.629409599,5.875,5.14,0.735
12/1/1997,12,1,1997,1.573163073,5.16,-3.586836927,4.13,0.615950052,5.808636364,5.16,0.648636364
1/1/1998,1,1,1998,1.015013963,5.04,-4.024986037,4.12,0.614897216,5.5445,5.04,0.5045
2/1/1998,2,1,1998,7.04492594,5.09,1.95492594,3.87,0.587710965,5.574736842,5.09,0.484736842
3/1/1998,3,1,1998,4.994568014,5.03,-0.035431986,3.67,0.564666064,5.647272727,5.03,0.617272727
4/1/1998,4,1,1998,0.907646925,4.95,-4.042353075,3.54,0.549003262,5.637619048,4.95,0.687619048
5/1/1998,5,1,1998,-1.882617495,5,-6.882617495,3.53,0.547774705,5.6525,5,0.6525
6/1/1998,6,1,1998,3.943822079,4.98,-1.036177921,3.52,0.546542663,5.496363636,4.98,0.516363636
7/1/1998,7,1,1998,-1.161539547,4.96,-6.121539547,3.34,0.523746467,5.461363636,4.96,0.501363636
8/1/1998,8,1,1998,-14.57967109,4.9,-19.47967109,3.57,0.552668216,5.341904762,4.9,0.441904762
9/1/1998,9,1,1998,6.239553736,4.61,1.629553736,3.73,0.571708832,4.806666667,4.61,0.196666667
10/1/1998,10,1,1998,8.029419573,3.96,4.069419573,3.68,0.565847819,4.53,3.96,0.57
11/1/1998,11,1,1998,5.91260342,4.41,1.50260342,3.31,0.519827994,4.827368421,4.41,0.417368421
12/1/1998,12,1,1998,5.63753083,4.39,1.24753083,3.17,0.501059262,4.645,4.39,0.255
1/1/1999,1,1,1999,4.10094124,4.34,-0.23905876,3.04,0.482873584,4.722105263,4.34,0.382105263
2/1/1999,2,1,1999,-3.228251696,4.44,-7.668251696,3.06,0.485721426,4.998947368,4.44,0.558947368
3/1/1999,3,1,1999,3.879418249,4.44,-0.560581751,2.99,0.475671188,5.232608696,4.44,0.792608696
4/1/1999,4,1,1999,3.79439819,4.29,-0.49560181,2.94,0.46834733,5.184545455,4.29,0.894545455
5/1/1999,5,1,1999,-2.497041597,4.5,-6.997041597,3.01,0.478566496,5.5395,4.5,1.0395
6/1/1999,6,1,1999,5.443833344,4.57,0.873833344,3.1,0.491361694,5.899545455,4.57,1.329545455
7/1/1999,7,1,1999,-3.204609859,4.55,-7.754609859,3.04,0.482873584,5.791904762,4.55,1.241904762
8/1/1999,8,1,1999,-0.625413932,4.72,-5.345413932,3.24,0.51054501,5.939090909,4.72,1.219090909
9/1/1999,9,1,1999,-2.855173772,4.68,-7.535173772,3.33,0.522444234,5.915238095,4.68,1.235238095
10/1/1999,10,1,1999,6.253946722,4.86,1.393946722,3.49,0.542825427,6.112,4.86,1.252
11/1/1999,11,1,1999,1.906187405,5.07,-3.163812595,3.36,0.526339277,6.034,5.07,0.964
12/1/1999,12,1,1999,5.784392077,5.2,0.584392077,3.37,0.527629901,6.275454545,5.2,1.075454545
1/1/2000,1,1,2000,-5.090352221,5.32,-10.41035222,3.44,0.536558443,6.661,5.32,1.341
2/1/2000,2,1,2000,-2.010814222,5.55,-7.560814222,3.6,0.556302501,6.5195,5.55,0.9695
3/1/2000,3,1,2000,9.671989579,5.69,3.981989579,3.53,0.547774705,6.256521739,5.69,0.566521739
4/1/2000,4,1,2000,-3.079582004,5.66,-8.739582004,3.51,0.545307116,5.990526316,5.66,0.330526316
5/1/2000,5,1,2000,-2.191499762,5.79,-7.981499762,3.64,0.561101384,6.440454545,5.79,0.650454545
6/1/2000,6,1,2000,2.39335492,5.69,-3.29664508,3.55,0.550228353,6.097272727,5.69,0.407272727
7/1/2000,7,1,2000,-1.63412622,5.96,-7.59412622,3.57,0.552668216,6.054,5.96,0.094
8/1/2000,8,1,2000,6.069903483,6.09,-0.020096517,3.58,0.553883027,5.826086957,6.09,-0.263913043
9/1/2000,9,1,2000,-5.348294766,6,-11.34829477,3.66,0.563481085,5.799,6,-0.201
10/1/2000,10,1,2000,-0.494949565,6.11,-6.604949565,3.77,0.57634135,5.738571429,6.11,-0.371428571
11/1/2000,11,1,2000,-8.006856024,6.17,-14.17685602,3.72,0.57054294,5.717142857,6.17,-0.452857143
12/1/2000,12,1,2000,0.405338606,5.77,-5.364661394,3.76,0.575187845,5.2405,5.77,-0.5295
1/1/2001,1,1,2001,3.463659224,5.15,-1.686340776,3.63,0.559906625,5.160952381,5.15,0.010952381
2/1/2001,2,1,2001,-9.229068601,4.88,-14.1090686,3.6,0.556302501,5.098947368,4.88,0.218947368
3/1/2001,3,1,2001,-6.420471958,4.42,-10.84047196,3.83,0.583198774,4.885454545,4.42,0.465454545
4/1/2001,4,1,2001,7.681435454,3.87,3.811435454,3.58,0.553883027,5.141,3.87,1.271
5/1/2001,5,1,2001,0.509019897,3.62,-3.110980103,3.12,0.494154594,5.391363636,3.62,1.771363636
6/1/2001,6,1,2001,-2.500358332,3.49,-5.990358332,2.97,0.472756449,5.284285714,3.49,1.794285714
7/1/2001,7,1,2001,-1.077244736,3.51,-4.587244736,2.82,0.450249108,5.236190476,3.51,1.726190476
8/1/2001,8,1,2001,-6.410838569,3.36,-9.770838569,2.64,0.421603927,4.971304348,3.36,1.611304348
9/1/2001,9,1,2001,-8.172338962,2.64,-10.81233896,2.71,0.432969291,4.731764706,2.64,2.091764706
10/1/2001,10,1,2001,1.809902588,2.16,-0.350097412,2.52,0.401400541,4.566818182,2.16,2.406818182
11/1/2001,11,1,2001,7.517597992,1.87,5.647597992,2.29,0.359835482,4.6515,1.87,2.7815
12/1/2001,12,1,2001,0.757382948,1.69,-0.932617052,2.16,0.334453751,5.0875,1.69,3.3975
1/1/2002,1,1,2002,-1.557382761,1.65,-3.207382761,2.17,0.336459734,5.035714286,1.65,3.385714286
2/1/2002,2,1,2002,-2.076623606,1.72,-3.796623606,2.24,0.350248018,4.911578947,1.72,3.191578947
3/1/2002,3,1,2002,3.673886133,1.79,1.883886133,2.14,0.330413773,5.284,1.79,3.494
4/1/2002,4,1,2002,-6.141765224,1.71,-7.851765224,2.28,0.357934847,5.210909091,1.71,3.500909091
5/1/2002,5,1,2002,-0.908145452,1.73,-2.638145452,2.41,0.382017043,5.164545455,1.73,3.434545455
6/1/2002,6,1,2002,-7.246471878,1.7,-8.946471878,2.64,0.421603927,4.9265,1.7,3.2265
7/1/2002,7,1,2002,-7.899495863,1.68,-9.579495863,3.08,0.488550717,4.653181818,1.68,2.973181818
8/1/2002,8,1,2002,0.488141989,1.62,-1.131858011,3.17,0.501059262,4.257272727,1.62,2.637272727
9/1/2002,9,1,2002,-11.00243431,1.63,-12.63243431,3.46,0.539076099,3.87,1.63,2.24
10/1/2002,10,1,2002,8.64488274,1.58,7.06488274,3.42,0.534026106,3.940909091,1.58,2.360909091
11/1/2002,11,1,2002,5.706963512,1.23,4.476963512,3.12,0.494154594,4.048421053,1.23,2.818421053
12/1/2002,12,1,2002,-6.033258216,1.19,-7.223258216,3.07,0.487138375,4.032380952,1.19,2.842380952
1/1/2003,1,1,2003,-2.741469846,1.17,-3.911469846,3.18,0.50242712,4.048571429,1.17,2.878571429
2/1/2003,2,1,2003,-1.700362276,1.17,-2.870362276,3.51,0.545307116,3.902631579,1.17,2.732631579
3/1/2003,3,1,2003,0.835760566,1.13,-0.294239434,3.58,0.553883027,3.807142857,1.13,2.677142857
4/1/2003,4,1,2003,8.104411799,1.13,6.974411799,3.57,0.552668216,3.958571429,1.13,2.828571429
5/1/2003,5,1,2003,5.089866073,1.07,4.019866073,3.54,0.549003262,3.569047619,1.07,2.499047619
6/1/2003,6,1,2003,1.132224286,0.92,0.212224286,3.5,0.544068044,3.334285714,0.92,2.414285714
7/1/2003,7,1,2003,1.622370446,0.9,0.722370446,3.62,0.558708571,3.975454545,0.9,3.075454545
8/1/2003,8,1,2003,1.787319122,0.95,0.837319122,3.76,0.575187845,4.445238095,0.95,3.495238095
9/1/2003,9,1,2003,-1.194432595,0.94,-2.134432595,3.78,0.5774918,4.274285714,0.94,3.334285714
10/1/2003,10,1,2003,5.496149482,0.92,4.576149482,4.04,0.606381365,4.290454545,0.92,3.370454545
11/1/2003,11,1,2003,0.71285131,0.93,-0.21714869,4.32,0.635483747,4.3,0.93,3.37
12/1/2003,12,1,2003,5.076545077,0.9,4.176545077,4.51,0.654176542,4.267727273,0.9,3.367727273
1/1/2004,1,1,2004,1.727642276,0.88,0.847642276,4.4,0.643452676,4.1505,0.88,3.2705
2/1/2004,2,1,2004,1.220902991,0.93,0.290902991,4.45,0.648360011,4.084210526,0.93,3.154210526
3/1/2004,3,1,2004,-1.635893584,0.94,-2.575893584,4.63,0.665580991,3.826521739,0.94,2.886521739
4/1/2004,4,1,2004,-1.679082942,0.94,-2.619082942,4.71,0.673020907,4.347619048,0.94,3.407619048
5/1/2004,5,1,2004,1.208344622,1.02,0.188344622,4.97,0.696356389,4.7155,1.02,3.6955
6/1/2004,6,1,2004,1.798907806,1.27,0.528907806,4.96,0.695481676,4.733809524,1.27,3.463809524
7/1/2004,7,1,2004,-3.429052277,1.33,-4.759052277,5.13,0.710117365,4.498095238,1.33,3.168095238
8/1/2004,8,1,2004,0.228733253,1.48,-1.251266747,5.26,0.720985744,4.281363636,1.48,2.801363636
9/1/2004,9,1,2004,0.93639064,1.65,-0.71360936,5.17,0.713490543,4.125714286,1.65,2.475714286
10/1/2004,10,1,2004,1.401424752,1.76,-0.358575248,5.19,0.715167358,4.097,1.76,2.337
11/1/2004,11,1,2004,3.859493895,2.07,1.789493895,4.99,0.698100546,4.194,2.07,2.124
12/1/2004,12,1,2004,3.245812816,2.19,1.055812816,4.88,0.688419822,4.230909091,2.19,2.040909091
1/1/2005,1,1,2005,-2.529044821,2.33,-4.859044821,5,0.698970004,4.2215,2.33,1.8915
2/1/2005,2,1,2005,1.890338365,2.54,-0.649661635,4.97,0.696356389,4.165263158,2.54,1.625263158
3/1/2005,3,1,2005,-1.911764706,2.74,-4.651764706,5.04,0.702430536,4.497727273,2.74,1.757727273
4/1/2005,4,1,2005,-2.010858977,2.78,-4.790858977,5.26,0.720985744,4.340952381,2.78,1.560952381
5/1/2005,5,1,2005,2.99520249,2.84,0.15520249,5.28,0.722633923,4.144285714,2.84,1.304285714
6/1/2005,6,1,2005,-0.01426773,2.97,-2.98426773,5.26,0.720985744,3.998181818,2.97,1.028181818
7/1/2005,7,1,2005,3.59682036,3.22,0.37682036,5.26,0.720985744,4.1775,3.22,0.9575
8/1/2005,8,1,2005,-1.122202596,3.44,-4.562202596,5.34,0.727541257,4.262608696,3.44,0.822608696
9/1/2005,9,1,2005,0.694894004,3.42,-2.725105996,5.42,0.733999287,4.199047619,3.42,0.779047619
10/1/2005,10,1,2005,-1.774074104,3.71,-5.484074104,5.67,0.753583059,4.4635,3.71,0.7535
11/1/2005,11,1,2005,3.518612108,3.88,-0.361387892,5.55,0.744292983,4.535,3.88,0.655
12/1/2005,12,1,2005,-0.09523962,3.89,-3.98523962,5.53,0.742725131,4.467142857,3.89,0.577142857
1/1/2006,1,1,2006,2.546683864,4.24,-1.693316136,5.53,0.742725131,4.416,4.24,0.176
2/1/2006,2,1,2006,0.045309668,4.43,-4.384690332,5.62,0.749736316,4.568947368,4.43,0.138947368
3/1/2006,3,1,2006,1.106460731,4.51,-3.403539269,5.62,0.749736316,4.723913043,4.51,0.213913043
4/1/2006,4,1,2006,1.218692801,4.6,-3.381307199,5.63,0.750508395,4.990526316,4.6,0.390526316
5/1/2006,5,1,2006,-3.091690129,4.72,-7.811690129,5.73,0.758154622,5.11,4.72,0.39
6/1/2006,6,1,2006,0.008660804,4.79,-4.781339196,5.94,0.773786445,5.106363636,4.79,0.316363636
7/1/2006,7,1,2006,0.508581326,4.95,-4.441418674,6.02,0.779596491,5.0875,4.95,0.1375
8/1/2006,8,1,2006,2.127426253,4.96,-2.832573747,6,0.77815125,4.876521739,4.96,-0.083478261
9/1/2006,9,1,2006,2.456627449,4.81,-2.353372551,5.96,0.77524626,4.719,4.81,-0.091
10/1/2006,10,1,2006,3.15080286,4.92,-1.76919714,5.83,0.765668555,4.729047619,4.92,-0.190952381
11/1/2006,11,1,2006,1.646660958,4.94,-3.293339042,5.8,0.763427994,4.595238095,4.94,-0.344761905
12/1/2006,12,1,2006,1.261575148,4.85,-3.588424852,5.75,0.759667845,4.5645,4.85,-0.2855
1/1/2007,1,1,2007,1.405908482,4.98,-3.574091518,5.76,0.760422483,4.75952381,4.98,-0.22047619
2/1/2007,2,1,2007,-2.184614529,5.03,-7.214614529,5.72,0.757396029,4.722631579,5.03,-0.307368421
3/1/2007,3,1,2007,0.997995479,4.94,-3.942004521,5.91,0.771587481,4.564545455,4.94,-0.375454545
4/1/2007,4,1,2007,4.329068311,4.87,-0.540931689,5.72,0.757396029,4.693809524,4.87,-0.176190476
5/1/2007,5,1,2007,3.25492286,4.73,-1.47507714,5.58,0.746634199,4.746363636,4.73,0.016363636
6/1/2007,6,1,2007,-1.781630973,4.61,-6.391630973,5.61,0.748962861,5.102857143,4.61,0.492857143
7/1/2007,7,1,2007,-3.198190707,4.82,-8.018190707,5.45,0.736396502,5.004285714,4.82,0.184285714
8/1/2007,8,1,2007,1.286359232,4.2,-2.913640768,5.55,0.744292983,4.674782609,4.2,0.474782609
9/1/2007,9,1,2007,3.579400132,3.89,-0.310599868,5.25,0.720159303,4.521578947,3.89,0.631578947
10/1/2007,10,1,2007,1.482233503,3.9,-2.417766497,4.84,0.684845362,4.527727273,3.9,0.627727273
11/1/2007,11,1,2007,-4.404342382,3.27,-7.674342382,4.81,0.682145076,4.1485,3.27,0.8785
12/1/2007,12,1,2007,-0.862848887,3,-3.862848887,4.47,0.650307523,4.0975,3,1.0975
1/1/2008,1,1,2008,-6.11634749,2.75,-8.86634749,4.66,0.668385917,3.744285714,2.75,0.994285714
2/1/2008,2,1,2008,-3.476116209,2.12,-5.596116209,4.6,0.662757832,3.7375,2.12,1.6175
3/1/2008,3,1,2008,-0.595958305,1.26,-1.855958305,4.59,0.661812686,3.51,1.26,2.25
4/1/2008,4,1,2008,4.754668481,1.29,3.464668481,4.19,0.622214023,3.675,1.29,2.385
5/1/2008,5,1,2008,1.067415325,1.73,-0.662584675,3.88,0.588831726,3.88,1.73,2.15
6/1/2008,6,1,2008,-8.596238164,1.86,-10.45623816,3.83,0.583198774,4.09952381,1.86,2.23952381
7/1/2008,7,1,2008,-0.9859375,1.63,-2.6159375,3.94,0.595496222,4.007727273,1.63,2.377727273
8/1/2008,8,1,2008,1.219050324,1.72,-0.500949676,3.73,0.571708832,3.885714286,1.72,2.165714286
9/1/2008,9,1,2008,-9.079145327,1.13,-10.20914533,3.78,0.5774918,3.686190476,1.13,2.556190476
10/1/2008,10,1,2008,-16.94245344,0.67,-17.61245344,3.67,0.564666064,3.814090909,0.67,3.144090909
11/1/2008,11,1,2008,-7.484903226,0.19,-7.674903226,2.86,0.456366033,3.526666667,0.19,3.336666667
12/1/2008,12,1,2008,0.782156565,0.03,0.752156565,1.7,0.230448921,2.416363636,0.03,2.386363636
1/1/2009,1,1,2009,-8.565734846,0.13,-8.695734846,1.41,0.149219113,2.5175,0.13,2.3875
2/1/2009,2,1,2009,-10.99312249,0.3,-11.29312249,1.18,0.071882007,2.87,0.3,2.57
3/1/2009,3,1,2009,8.540450829,0.21,8.330450829,0.91,-0.040958608,2.819545455,0.21,2.609545455
4/1/2009,4,1,2009,9.392507551,0.16,9.232507551,0.83,-0.080921908,2.927142857,0.16,2.767142857
5/1/2009,5,1,2009,5.308142666,0.18,5.128142666,0.81,-0.091514981,3.293,0.18,3.113
6/1/2009,6,1,2009,0.019583524,0.18,-0.160416476,0.81,-0.091514981,3.721818182,0.18,3.541818182
7/1/2009,7,1,2009,7.414175695,0.18,7.234175695,0.98,-0.008773924,3.562272727,0.18,3.382272727
8/1/2009,8,1,2009,3.356017337,0.17,3.186017337,1.08,0.033423755,3.587142857,0.17,3.417142857
9/1/2009,9,1,2009,3.572338383,0.12,3.452338383,1.2,0.079181246,3.401904762,0.12,3.281904762
10/1/2009,10,1,2009,-1.976198585,0.07,-2.046198585,2.37,0.374748346,3.387619048,0.07,3.317619048
11/1/2009,11,1,2009,5.736399695,0.05,5.686399695,3.51,0.545307116,3.402631579,0.05,3.352631579
12/1/2009,12,1,2009,1.777059774,0.05,1.727059774,4.59,0.661812686,3.59,0.05,3.54
1/1/2010,1,1,2010,-3.69742624,0.06,-3.75742624,4.83,0.683947131,3.733157895,0.06,3.673157895
2/1/2010,2,1,2010,2.851369346,0.11,2.741369346,5.29,0.723455672,3.691052632,0.11,3.581052632
3/1/2010,3,1,2010,5.879636755,0.15,5.729636755,5.29,0.723455672,3.727391304,0.15,3.577391304
4/1/2010,4,1,2010,1.475932719,0.16,1.315932719,5.26,0.720985744,3.846818182,0.16,3.686818182
5/1/2010,5,1,2010,-8.19759162,0.16,-8.35759162,5.78,0.761927838,3.42,0.16,3.26
6/1/2010,6,1,2010,-5.38823767,0.12,-5.50823767,6.19,0.791690649,3.204090909,0.12,3.084090909
7/1/2010,7,1,2010,6.877783276,0.16,6.717783276,6.36,0.803457116,3.011428571,0.16,2.851428571
8/1/2010,8,1,2010,-4.744916485,0.16,-4.904916485,6.46,0.810232518,2.698636364,0.16,2.538636364
9/1/2010,9,1,2010,8.755110404,0.15,8.605110404,6.4,0.806179974,2.647619048,0.15,2.497619048
10/1/2010,10,1,2010,3.685594111,0.13,3.555594111,6.29,0.798650645,2.54,0.13,2.41
11/1/2010,11,1,2010,-0.229028278,0.14,-0.369028278,6.3,0.799340549,2.763,0.14,2.623
12/1/2010,12,1,2010,6.5300072,0.14,6.3900072,6.23,0.794488047,3.290909091,0.14,3.150909091
1/1/2011,1,1,2011,2.264559015,0.15,2.114559015,6.13,0.787460475,3.394,0.15,3.244
2/1/2011,2,1,2011,3.195658259,0.13,3.065658259,6.05,0.781755375,3.576315789,0.13,3.446315789
3/1/2011,3,1,2011,-0.104730188,0.1,-0.204730188,6.23,0.794488047,3.414347826,0.1,3.314347826
4/1/2011,4,1,2011,2.849535763,0.06,2.789535763,6.17,0.790285164,3.455,0.06,3.395
5/1/2011,5,1,2011,-1.350092768,0.04,-1.390092768,6.2,0.792391689,3.168571429,0.04,3.128571429
6/1/2011,6,1,2011,-1.825750818,0.04,-1.865750818,6.52,0.814247596,3.002272727,0.04,2.962272727
7/1/2011,7,1,2011,-2.147443664,0.04,-2.187443664,6.41,0.80685803,3.003,0.04,2.963
8/1/2011,8,1,2011,-5.67910979,0.02,-5.69910979,7.25,0.860338007,2.303043478,0.02,2.283043478
9/1/2011,9,1,2011,-7.176201298,0.01,-7.186201298,7.41,0.869818208,1.975238095,0.01,1.965238095
10/1/2011,10,1,2011,10.77230383,0.02,10.75230383,7.2,0.857332496,2.152,0.02,2.132
11/1/2011,11,1,2011,-0.505864518,0.01,-0.515864518,7.09,0.850646235,2.0135,0.01,2.0035
12/1/2011,12,1,2011,0.853275165,0.01,0.843275165,6.99,0.844477176,1.978095238,0.01,1.968095238
1/1/2012,1,1,2012,4.358301527,0.03,4.328301527,6.73,0.828015064,1.9665,0.03,1.9365
2/1/2012,2,1,2012,4.058944994,0.09,3.968944994,6.51,0.813580989,1.9675,0.09,1.8775
3/1/2012,3,1,2012,3.133237655,0.08,3.053237655,6.37,0.804139432,2.172727273,0.08,2.092727273
4/1/2012,4,1,2012,-0.749749728,0.08,-0.829749728,6.37,0.804139432,2.052857143,0.08,1.972857143
5/1/2012,5,1,2012,-6.265067136,0.09,-6.355067136,6.57,0.81756537,1.803181818,0.09,1.713181818
6/1/2012,6,1,2012,3.955492128,0.09,3.865492128,6.64,0.822168079,1.622380952,0.09,1.532380952
7/1/2012,7,1,2012,1.259763904,0.1,1.159763904,6.43,0.808210973,1.526666667,0.1,1.426666667
8/1/2012,8,1,2012,1.976336166,0.1,1.876336166,6.2,0.792391689,1.67826087,0.1,1.57826087
9/1/2012,9,1,2012,2.423609038,0.11,2.313609038,5.99,0.777426822,1.723157895,0.11,1.613157895
10/1/2012,10,1,2012,-1.978940354,0.1,-2.078940354,6.02,0.779596491,1.746190476,0.1,1.646190476
11/1/2012,11,1,2012,0.284670292,0.09,0.194670292,6.2,0.792391689,1.654,0.09,1.564
12/1/2012,12,1,2012,0.706831053,0.07,0.636831053,6.08,0.783903579,1.719,0.07,1.649
1/1/2013,1,1,2013,5.042806358,0.07,4.972806358,5.87,0.768638101,1.914761905,0.07,1.844761905
2/1/2013,2,1,2013,1.106060303,0.1,1.006060303,5.77,0.761175813,1.984210526,0.1,1.884210526
3/1/2013,3,1,2013,3.59877994,0.09,3.50877994,5.66,0.752816431,1.9575,0.09,1.8675
4/1/2013,4,1,2013,1.808576399,0.06,1.748576399,5.65,0.752048448,1.759090909,0.06,1.699090909
5/1/2013,5,1,2013,2.076278348,0.04,2.036278348,5.48,0.738780558,1.928181818,0.04,1.888181818
6/1/2013,6,1,2013,-1.499932546,0.05,-1.549932546,5.62,0.749736316,2.3,0.05,2.25
7/1/2013,7,1,2013,4.946211121,0.04,4.906211121,5.52,0.741939078,2.582272727,0.04,2.542272727
8/1/2013,8,1,2013,-3.129801332,0.04,-3.169801332,5.58,0.746634199,2.737272727,0.04,2.697272727
9/1/2013,9,1,2013,2.974947488,0.02,2.954947488,5.59,0.747411808,2.8095,0.02,2.7895
10/1/2013,10,1,2013,4.459575986,0.05,4.409575986,5.6,0.748188027,2.615909091,0.05,2.565909091
11/1/2013,11,1,2013,2.804946087,0.07,2.734946087,5.51,0.741151599,2.718421053,0.07,2.648421053
12/1/2013,12,1,2013,2.35628333,0.07,2.28628333,5.54,0.743509765,2.901904762,0.07,2.831904762
1/1/2014,1,1,2014,-3.558289511,0.04,-3.598289511,5.51,0.741151599,2.858095238,0.04,2.818095238
2/1/2014,2,1,2014,4.311703757,0.05,4.261703757,5.54,0.743509765,2.709473684,0.05,2.659473684
3/1/2014,3,1,2014,0.693215736,0.05,0.643215736,5.41,0.733197265,2.723333333,0.05,2.673333333
4/1/2014,4,1,2014,0.620079686,0.03,0.590079686,5.45,0.736396502,2.705238095,0.03,2.675238095
5/1/2014,5,1,2014,2.103028212,0.03,2.073028212,5.42,0.733999287,2.559047619,0.03,2.529047619
6/1/2014,6,1,2014,1.905831345,0.04,1.865831345,5.3,0.72427587,2.598571429,0.04,2.558571429
7/1/2014,7,1,2014,-1.507986308,0.03,-1.537986308,5.27,0.721810615,2.542272727,0.03,2.512272727
8/1/2014,8,1,2014,3.765532173,0.03,3.735532173,5.35,0.728353782,2.42,0.03,2.39
9/1/2014,9,1,2014,-1.551385915,0.02,-1.571385915,5.32,0.725911632,2.534285714,0.02,2.514285714
10/1/2014,10,1,2014,2.320145618,0.02,2.300145618,5.41,0.733197265,2.304090909,0.02,2.284090909
11/1/2014,11,1,2014,2.45335844,0.02,2.43335844,5.06,0.704150517,2.325555556,0.02,2.305555556
12/1/2014,12,1,2014,-0.418851206,0.03,-0.448851206,4.98,0.697229343,2.207272727,0.03,2.177272727
1/1/2015,1,1,2015,-3.104084705,0.03,-3.134084705,4.99,0.698100546,1.8815,0.03,1.8515
2/1/2015,2,1,2015,5.489250573,0.02,5.469250573,4.82,0.683047038,1.975263158,0.02,1.955263158
3/1/2015,3,1,2015,-1.739605607,0.03,-1.769605607,4.77,0.678518379,2.042727273,0.03,2.012727273
4/1/2015,4,1,2015,0.852076271,0.02,0.832076271,4.67,0.669316881,1.935,0.02,1.915
5/1/2015,5,1,2015,1.049143855,0.02,1.029143855,4.56,0.658964843,2.1975,0.02,2.1775
6/1/2015,6,1,2015,-2.101177286,0.02,-2.121177286,4.52,0.655138435,2.363636364,0.02,2.343636364
7/1/2015,7,1,2015,1.974203993,0.03,1.944203993,4.46,0.649334859,2.324545455,0.03,2.294545455
8/1/2015,8,1,2015,-6.258080462,0.07,-6.328080462,4.51,0.654176542,2.167142857,0.07,2.097142857
9/1/2015,9,1,2015,-2.644281962,0.02,-2.664281962,4.66,0.668385917,2.172857143,0.02,2.152857143
10/1/2015,10,1,2015,8.298307839,0.02,8.278307839,4.41,0.644438589,2.07,0.02,2.05
11/1/2015,11,1,2015,0.050496307,0.12,-0.069503693,4.23,0.626340367,2.263157895,0.12,2.143157895
12/1/2015,12,1,2015,-1.753019837,0.23,-1.983019837,4.21,0.624282096,2.242727273,0.23,2.012727273
1/1/2016,1,1,2016,-5.073534448,0.26,-5.333534448,4.51,0.654176542,2.085263158,0.26,1.825263158
2/1/2016,2,1,2016,-0.412835526,0.31,-0.722835526,4.54,0.657055853,1.7795,0.31,1.4695
3/1/2016,3,1,2016,6.599110872,0.29,6.309110872,4.28,0.631443769,1.889090909,0.29,1.599090909
4/1/2016,4,1,2016,0.269936982,0.23,0.039936982,4.17,0.620136055,1.805238095,0.23,1.575238095
5/1/2016,5,1,2016,1.532949208,0.27,1.262949208,4.2,0.62324929,1.806190476,0.27,1.536190476
6/1/2016,6,1,2016,0.090607355,0.27,-0.179392645,4.17,0.620136055,1.644090909,0.27,1.374090909
7/1/2016,7,1,2016,3.560980723,0.3,3.260980723,4.08,0.610660163,1.504,0.3,1.204
8/1/2016,8,1,2016,-0.121917556,0.3,-0.421917556,4.07,0.609594409,1.556521739,0.3,1.256521739
9/1/2016,9,1,2016,-0.12344826,0.29,-0.41344826,4.13,0.615950052,1.63047619,0.29,1.34047619
10/1/2016,10,1,2016,-1.942562504,0.33,-2.272562504,4.24,0.627365857,1.7645,0.33,1.4345
11/1/2016,11,1,2016,3.417444677,0.45,2.967444677,4.28,0.631443769,2.142,0.45,1.692
12/1/2016,12,1,2016,1.820075404,0.51,1.310075404,4.21,0.624282096,2.491904762,0.51,1.981904762
1/1/2017,1,1,2017,1.788434137,0.51,1.278434137,4.24,0.627365857,2.4325,0.51,1.9225
2/1/2017,2,1,2017,3.719826054,0.52,3.199826054,4.22,0.625312451,2.418947368,0.52,1.898947368
3/1/2017,3,1,2017,-0.038923017,0.74,-0.778923017,4.24,0.627365857,2.48173913,0.74,1.74173913
4/1/2017,4,1,2017,0.90912169,0.8,0.10912169,4.3,0.633468456,2.297368421,0.8,1.497368421
5/1/2017,5,1,2017,1.157621005,0.89,0.267621005,4.29,0.632457292,2.303636364,0.89,1.413636364
6/1/2017,6,1,2017,0.481383199,0.98,-0.498616801,4.27,0.630427875,2.186818182,0.98,1.206818182
7/1/2017,7,1,2017,1.934876888,1.07,0.864876888,4.28,0.631443769,2.318,1.07,1.248
8/1/2017,8,1,2017,0.054649233,1.01,-0.955350767,4.32,0.635483747,2.209130435,1.01,1.199130435
9/1/2017,9,1,2017,1.930289483,1.03,0.900289483,4.3,0.633468456,2.202,1.03,1.172
10/1/2017,10,1,2017,2.218817477,1.07,1.148817477,4.22,0.625312451,2.36,1.07,1.29
11/1/2017,11,1,2017,2.808260137,1.23,1.578260137,4.2,0.62324929,2.353333333,1.23,1.123333333
12/1/2017,12,1,2017,0.983161982,1.32,-0.336838018,4.12,0.614897216,2.4025,1.32,1.0825
1/1/2018,1,1,2018,5.617872465,1.41,4.207872465,4.01,0.603144373,2.583809524,1.41,1.173809524
2/1/2018,2,1,2018,-3.89473796,1.57,-5.46473796,4.2,0.62324929,2.858947368,1.57,1.288947368
3/1/2018,3,1,2018,-2.688451377,1.7,-4.388451377,4.27,0.630427875,2.842380952,1.7,1.142380952
4/1/2018,4,1,2018,0.2718801,1.76,-1.4881199,4.44,0.64738297,2.869047619,1.76,1.109047619
5/1/2018,5,1,2018,2.160835332,1.86,0.300835332,4.45,0.648360011,2.977727273,1.86,1.117727273
6/1/2018,6,1,2018,0.48424002,1.9,-1.41575998,4.45,0.648360011,2.912380952,1.9,1.012380952
7/1/2018,7,1,2018,3.602158647,1.96,1.642158647,4.48,0.651278014,2.889047619,1.96,0.929047619
8/1/2018,8,1,2018,3.026321863,2.03,0.996321863,4.47,0.650307523,2.889130435,2.03,0.859130435
9/1/2018,9,1,2018,0.429430092,2.13,-1.700569908,4.49,0.652246341,3.004210526,2.13,0.874210526
10/1/2018,10,1,2018,-6.940335898,2.25,-9.190335898,4.71,0.673020907,3.152272727,2.25,0.902272727
11/1/2018,11,1,2018,1.78593818,2.33,-0.54406182,4.84,0.684845362,3.117,2.33,0.787
12/1/2018,12,1,2018,-9.177695577,2.37,-11.54769558,5.16,0.712649702,2.832631579,2.37,0.462631579
1/1/2019,1,1,2019,7.868440473,2.37,5.498440473,5.1,0.707570176,2.713809524,2.37,0.343809524
2/1/2019,2,1,2019,2.972893014,2.39,0.582893014,4.85,0.685741739,2.676315789,2.39,0.286315789
3/1/2019,3,1,2019,1.792428775,2.4,-0.607571225,4.79,0.680335513,2.570952381,2.4,0.170952381
4/1/2019,4,1,2019,3.931343494,2.38,1.551343494,4.64,0.666517981,2.532380952,2.38,0.152380952
5/1/2019,5,1,2019,-6.577772648,2.35,-8.927772648,4.73,0.674861141,2.395,2.35,0.045
6/1/2019,6,1,2019,6.893018321,2.17,4.723018321,4.68,0.670245853,2.074,2.17,-0.096
7/1/2019,7,1,2019,1.312819537,2.1,-0.787180463,4.49,0.652246341,2.059090909,2.1,-0.040909091
8/1/2019,8,1,2019,-1.809165274,1.95,-3.759165274,4.61,0.663700925,1.626363636,1.95,-0.323636364
9/1/2019,9,1,2019,1.718116769,1.89,-0.171883231,4.46,0.649334859,1.6995,1.89,-0.1905
10/1/2019,10,1,2019,2.043174748,1.65,0.393174748,4.54,0.657055853,1.706818182,1.65,0.056818182
11/1/2019,11,1,2019,3.404706409,1.54,1.864706409,4.42,0.645422269,1.812105263,1.54,0.272105263
12/1/2019,12,1,2019,2.858980318,1.54,1.318980318,4.39,0.64246452,1.862857143,1.54,0.322857143
1/1/2020,1,1,2020,-0.162808981,1.52,-1.682808981,4.02,0.604226053,1.757619048,1.52,0.237619048
2/1/2020,2,1,2020,-8.411046901,1.52,-9.931046901,3.78,0.5774918,1.504210526,1.52,-0.015789474
3/1/2020,3,1,2020,-12.51193208,0.29,-12.80193208,4.39,0.64246452,0.87,0.29,0.58
4/1/2020,4,1,2020,12.68441029,0.14,12.54441029,4.01,0.603144373,0.657619048,0.14,0.517619048
5/1/2020,5,1,2020,4.528177501,0.13,4.398177501,3.59,0.555094449,0.674,0.13,0.544
6/1/2020,6,1,2020,1.838840328,0.16,1.678840328,3.2,0.505149978,0.728636364,0.16,0.568636364
7/1/2020,7,1,2020,5.510129698,0.13,5.380129698,3.08,0.488550717,0.623636364,0.13,0.493636364
8/1/2020,8,1,2020,7.006468732,0.1,6.906468732,2.91,0.463892989,0.65,0.1,0.55
9/1/2020,9,1,2020,-3.92279541,0.11,-4.03279541,2.92,0.465382851,0.67952381,0.11,0.56952381
10/1/2020,10,1,2020,-2.766577461,0.1,-2.866577461,2.83,0.451786436,0.787142857,0.1,0.687142857
11/1/2020,11,1,2020,10.75456581,0.09,10.66456581,2.69,0.42975228,0.87,0.09,0.78
12/1/2020,12,1,2020,3.712140666,0.09,3.622140666,2.55,0.40654018,0.933636364,0.09,0.843636364
1/1/2021,1,1,2021,-1.113664016,0.08,-1.193664016,2.78,0.444044796,1.081052632,0.08,1.001052632
2/1/2021,2,1,2021,2.609147497,0.04,2.569147497,3.01,0.478566496,1.257894737,0.04,1.217894737
3/1/2021,3,1,2021,4.243863401,0.03,4.213863401,3.28,0.515873844,1.610869565,0.03,1.580869565
4/1/2021,4,1,2021,5.242531256,0.02,5.222531256,3.34,0.523746467,1.635,0.02,1.615
5/1/2021,5,1,2021,0.548650258,0.02,0.528650258,3.56,0.551449998,1.621,0.02,1.601
6/1/2021,6,1,2021,2.221397632,0.04,2.181397632,3.75,0.574031268,1.519090909,0.04,1.479090909
7/1/2021,7,1,2021,2.274810937,0.05,2.224810937,3.77,0.57634135,1.318571429,0.05,1.268571429
8/1/2021,8,1,2021,2.899032139,0.05,2.849032139,3.81,0.580924976,1.283181818,0.05,1.233181818
9/1/2021,9,1,2021,-4.756914042,0.04,-4.796914042,3.94,0.595496222,1.374761905,0.04,1.334761905
10/1/2021,10,1,2021,6.91438733,0.05,6.86438733,4.1,0.612783857,1.5825,0.05,1.5325
11/1/2021,11,1,2021,-0.833373142,0.05,-0.883373142,4.08,0.610660163,1.5595,0.05,1.5095
12/1/2021,12,1,2021,4.361287497,0.06,4.301287497,4.23,0.626340367,1.465,0.06,1.405
1/1/2022,1,1,2022,-5.258508911,0.15,-5.408508911,4.33,0.636487896,1.764,0.15,1.614
2/1/2022,2,1,2022,-3.136052087,0.33,-3.466052087,4.46,0.649334859,1.934210526,0.33,1.604210526
3/1/2022,3,1,2022,3.577323877,0.44,3.137323877,4.51,0.654176542,2.127826087,0.44,1.687826087
4/1/2022,4,1,2022,-8.795671915,0.76,-9.555671915,4.51,0.654176542,2.7475,0.76,1.9875
5/1/2022,5,1,2022,0.005324388,0.98,-0.974675612,4.74,0.675778342,2.898095238,0.98,1.918095238
